Workbook

Sheet Start Here
A1: BBG COACHING LIBRARY
A2: Class profiles, a drill library and 4-week lesson plans for every class on the schedule, with the safety rules every coach follows.
A4: 1 | B4: Classes | C4: Every class on the Gymdesk schedule: length, ages, the contact allowed and the focus. Cody sets the contact rules; the lesson plans check against them.
A5: 2 | B5: Drills | C5: 63 drills: how to run each one, coaching points, safety, ages, contact level, equipment and minutes. Add your own at the bottom.
A6: 3 | B6: Lesson Plans | C6: A 4-week block for each class, six slots per class: warm-up, two skills, a pad or partner drill, a game or live round, and a finisher. Pick drills from the dropdowns; the Check column flags a plan that runs over time, uses a drill for older ages, or uses more contact than the class allows. In an all-ages class it says 'split by age' when some drills are for older athletes, so younger kids do their own version.
A7: 4 | B7: Safety | C7: The rules every coach follows (Rowan's Law, the Rule of Two, youth contact limits, what to do after a hit to the head), with sources. Read it before coaching kids.
A8: 5 | B8: With Claude | C8: The bbg-coach skill uses this sheet: "plan Wednesday's kids boxing", "a 4-week wrestling block on takedowns", "a sub-coach sheet for Thursday", "a parent update for the kids class".
A9: 6 | B9: Who decides | C9: Cody, the head coach at every class, decides what's taught and who spars. These plans are starting points, not rules from a sport body: check the Safety tab and your coaching certification.
B11: Contact levels
B12: None | C12: Solo work: shadowboxing, footwork, movement
B13: Pads/bag | C13: Hitting pads, shields or bags held by a coach or partner
B14: Partner drilling | C14: Cooperative partner work with no strikes: drilling a takedown, a sweep, glove-tap games
B15: Live grappling | C15: Live wrestling or grappling, matched by size, coach watching
B16: Light touch (body) | C16: Light touches to the body only, coach watching every pair
B17: Controlled sparring | C17: Sparring with head contact: Competition Class only, Cody's OK, full gear
B19: Colours
B20: Yellow, blue text | C20: You type or pick here
B21: Black, bold | C21: Calculated: don't type over it

Sheet Classes
A1: CLASSES
A2: From the Gymdesk schedule and Cody's answers (October 2026). Change the contact allowed, youngest age or age groups here and every lesson plan re-checks.
A4: Class | B4: Day and time | C4: Minutes | D4: Ages | E4: Youngest age | F4: Contact allowed (separate with ;) | G4: Focus | H4: Coach (first name) | I4: Splits into age groups?
A5: Kids Boxing | B5: Wed 5:15-6:15 PM | C5: 60 | D5: Kids 4-10 | E5: 4 | F5: None;Pads/bag;Partner drilling | G5: Stance, guard, footwork, straight punches on pads, fun games. No partner punching. Kids from about 4: short, play-based drills for the youngest. | H5: Cody | I5: No
A6: Wrestling | B6: Mon 3:20-4:00 PM | C6: 40 | D6: Kids and youth | E6: 6 | F6: None;Partner drilling;Live grappling | G6: Stance and motion, safe falling, takedowns, pins, games. | H6: Cody (Sean and Jordan help) | I6: No
A7: Boxing 11-14 | B7: Thu 4:00-5:00 PM | C7: 60 | D7: Youth 11-14 | E7: 11 | F7: None;Pads/bag;Light touch (body) | G7: Technique and combinations on pads and bags; body-only touch drills with a coach watching. | H7: Cody | I7: No
A8: Boxing | B8: Mon and Wed 4:00-5:00 PM | C8: 60 | D8: All ages, from about 4 | E8: 4 | F8: None;Pads/bag;Light touch (body) | G8: Fitness and technique for every age: footwork, combinations, defence, bag rounds. Kids work in their own group for anything above their age. | H8: Cody | I8: Yes
A9: Women's Boxing | B9: Wed 7:00-7:45 PM, Thu 6:00-6:45 PM | C9: 45 | D9: Women and girls 16+ | E9: 16 | F9: None;Pads/bag;Light touch (body) | G9: A welcoming, women-only class: technique, pads, bag circuits, confidence. | H9: Cody | I9: No
A10: Kickboxing | B10: Thu 7:00-8:00 PM | C10: 60 | D10: Teens and adults | E10: 15 | F10: None;Pads/bag;Light touch (body) | G10: Punches and kicks on pads and shields, combinations, conditioning. | H10: Cody | I10: No
A11: Jiu-Jitsu (no-gi) | B11: Tue 4:00-6:00 PM | C11: 120 | D11: Ages 12+ | E11: 12 | F11: None;Partner drilling;Live grappling | G11: Escapes, guard, passing, submissions with the tap rule, positional sparring. Under-16s only do the submissions Ontario allows at their age. | H11: Cody | I11: No
A12: MMA | B12: Fri 4:00-5:00 PM | C12: 60 | D12: Ages 12+ | E12: 12 | F12: None;Pads/bag;Partner drilling;Live grappling;Light touch (body) | G12: Putting striking and grappling together: level changes, clinch, get-ups. No strikes to the head or face for anyone under 19. | H12: Cody | I12: No
A13: Competition Class | B13: Fri 5:00-6:00 PM | C13: 60 | D13: Invited by Cody (adults; under 18 only with Cody's and a parent's OK) | E13: 18 | F13: None;Pads/bag;Partner drilling;Live grappling;Light touch (body);Controlled sparring | G13: Fight preparation for athletes Cody picks. Sparring only with his OK. | H13: Cody | I13: No
A25: Yoga (Tue 6:15-7:00 PM) is run by its own instructor and isn't covered here.
A26: Splits into age groups? Yes = an all-ages class. Drills above the youngest age are fine, but younger kids do a drill for their age at the same time (the Check says 'split by age').
A27: Gym equipment (Cody, Oct 2026): Heavy bags, Focus mitts, Thai pads and kick shields, Wrestling mats, Gloves to lend, Headgear, Agility ladders and cones, Medicine balls, Battle ropes. Not at BBG: boxing ring, cage, skipping ropes. Plans only use this gear.

Sheet Lesson Plans
A1: LESSON PLANS
A2: Pick a drill for each slot. Minutes fill in from the drill (type over to change). Check flags plans that run long, use a drill meant for older athletes, or use more contact than the class allows. Amber split by age means an all-ages class runs that drill in age groups.
A4: Class | B4: Week | C4: Theme | D4: Warm-up | E4: Min | F4: Skill 1 | G4: Min | H4: Skill 2 | I4: Min | J4: Pads or partner | K4: Min | L4: Game or live | M4: Min | N4: Finish / cool-down | O4: Min | P4: Total | Q4: Class min | R4: Check | S4: Notes | T4: Youngest | U4: Allowed | V4: Code 1 | W4: Code 2 | X4: Code 3 | Y4: Code 4 | Z4: Code 5 | AA4: Code 6 | AB4: Splits
A5: Kids Boxing | B5: 1 | C5: Stance and guard | D5: Animal walks | E5: 8 | F5: Stance and guard | G5: 8 | H5: Step-drag footwork | I5: 10 | J5: Pad target game | K5: 10 | L5: Follow the leader footwork | M5: 8 | N5: Cool-down stretch and breathing | O5: 6 | P5: =IF(A5="","",SUM(E5,G5,I5,K5,M5,O5)) -> 50 | Q5: =IF(A5="","",IFERROR(INDEX(Classes!$C$5:$C$23,MATCH(A5,Classes!$A$5:$A$23,0)),"")) -> 60 | R5: =IF(A5="","",IF(TRIM(IF(AND(N(Q5)>0,N(P5)>N(Q5)),"Over by "&(P5-Q5)&" min. ","")&IF(AND(COUNTIF(V5:AA5,"*A*")>0,AB5<>"Yes"),"Age check. ","")&IF(COUNTIF(V5:AA5,"*C*")>0,"Contact check. ","")&IF(COUNTIF(V5:AA5,"~?")>0,"Drill not in library. ",""))="","OK"&IF(AND(COUNTIF(V5:AA5,"*A*")>0,AB5="Yes")," · split by age","")&IF(N(Q5)>N(P5)," ("&(Q5-P5)&" min spare)",""),TRIM(IF(AND(N(Q5)>0,N(P5)>N(Q5)),"Over by "&(P5-Q5)&" min. ","")&IF(AND(COUNTIF(V5:AA5,"*A*")>0,AB5<>"Yes"),"Age check. ","")&IF(COUNTIF(V5:AA5,"*C*")>0,"Contact check. ","")&IF(COUNTIF(V5:AA5,"~?")>0,"Drill not in library. ",""))&IF(AND(COUNTIF(V5:AA5,"*A*")>0,AB5="Yes")," · split by age",""))) -> OK (10 min spare) | T5: =IF(A5="","",IFERROR(INDEX(Classes!$E$5:$E$23,MATCH(A5,Classes!$A$5:$A$23,0)),"")) -> 4 | U5: =IF(A5="","",IFERROR(INDEX(Classes!$F$5:$F$23,MATCH(A5,Classes!$A$5:$A$23,0)),"")) -> None;Pads/bag;Partner drilling | V5: =IF(OR(D5="",$A5=""),"",IF(ISNA(MATCH(D5,Drills!$A$5:$A$127,0)),"?",IF(N(INDEX(Drills!$K$5:$K$127,MATCH(D5,Drills!$A$5:$A$127,0)))>N($T5),"A","")&IF(ISNUMBER(SEARCH(INDEX(Drills!$E$5:$E$127,MATCH(D5,Drills!$A$5:$A$127,0)),$U5)),"","C"))) | W5: =IF(OR(F5="",$A5=""),"",IF(ISNA(MATCH(F5,Drills!$A$5:$A$127,0)),"?",IF(N(INDEX(Drills!$K$5:$K$127,MATCH(F5,Drills!$A$5:$A$127,0)))>N($T5),"A","")&IF(ISNUMBER(SEARCH(INDEX(Drills!$E$5:$E$127,MATCH(F5,Drills!$A$5:$A$127,0)),$U5)),"","C"))) | X5: =IF(OR(H5="",$A5=""),"",IF(ISNA(MATCH(H5,Drills!$A$5:$A$127,0)),"?",IF(N(INDEX(Drills!$K$5:$K$127,MATCH(H5,Drills!$A$5:$A$127,0)))>N($T5),"A","")&IF(ISNUMBER(SEARCH(INDEX(Drills!$E$5:$E$127,MATCH(H5,Drills!$A$5:$A$127,0)),$U5)),"","C"))) | Y5: =IF(OR(J5="",$A5=""),"",IF(ISNA(MATCH(J5,Drills!$A$5:$A$127,0)),"?",IF(N(INDEX(Drills!$K$5:$K$127,MATCH(J5,Drills!$A$5:$A$127,0)))>N($T5),"A","")&IF(ISNUMBER(SEARCH(INDEX(Drills!$E$5:$E$127,MATCH(J5,Drills!$A$5:$A$127,0)),$U5)),"","C"))) | Z5: =IF(OR(L5="",$A5=""),"",IF(ISNA(MATCH(L5,Drills!$A$5:$A$127,0)),"?",IF(N(INDEX(Drills!$K$5:$K$127,MATCH(L5,Drills!$A$5:$A$127,0)))>N($T5),"A","")&IF(ISNUMBER(SEARCH(INDEX(Drills!$E$5:$E$127,MATCH(L5,Drills!$A$5:$A$127,0)),$U5)),"","C"))) | AA5: =IF(OR(N5="",$A5=""),"",IF(ISNA(MATCH(N5,Drills!$A$5:$A$127,0)),"?",IF(N(INDEX(Drills!$K$5:$K$127,MATCH(N5,Drills!$A$5:$A$127,0)))>N($T5),"A","")&IF(ISNUMBER(SEARCH(INDEX(Drills!$E$5:$E$127,MATCH(N5,Drills!$A$5:$A$127,0)),$U5)),"","C"))) | AB5: =IF(A5="","",IFERROR(INDEX(Classes!$I$5:$I$23,MATCH(A5,Classes!$A$5:$A$23,0)),"")) -> No
A6: Kids Boxing | B6: 2 | C6: The jab | D6: Dynamic warm-up | E6: 10 | F6: Jab on pads | G6: 10 | H6: Footwork ladder and cones | I6: 8 | J6: Heavy bag rounds | K6: 10 | L6: Relay races | M6: 8 | N6: Cool-down stretch and breathing | O6: 6 | P6: =IF(A6="","",SUM(E6,G6,I6,K6,M6,O6)) -> 52 | Q6: =IF(A6="","",IFERROR(INDEX(Classes!$C$5:$C$23,MATCH(A6,Classes!$A$5:$A$23,0)),"")) -> 60 | R6: =IF(A6="","",IF(TRIM(IF(AND(N(Q6)>0,N(P6)>N(Q6)),"Over by "&(P6-Q6)&" min. ","")&IF(AND(COUNTIF(V6:AA6,"*A*")>0,AB6<>"Yes"),"Age check. ","")&IF(COUNTIF(V6:AA6,"*C*")>0,"Contact check. ","")&IF(COUNTIF(V6:AA6,"~?")>0,"Drill not in library. ",""))="","OK"&IF(AND(COUNTIF(V6:AA6,"*A*")>0,AB6="Yes")," · split by age","")&IF(N(Q6)>N(P6)," ("&(Q6-P6)&" min spare)",""),TRIM(IF(AND(N(Q6)>0,N(P6)>N(Q6)),"Over by "&(P6-Q6)&" min. ","")&IF(AND(COUNTIF(V6:AA6,"*A*")>0,AB6<>"Yes"),"Age check. ","")&IF(COUNTIF(V6:AA6,"*C*")>0,"Contact check. ","")&IF(COUNTIF(V6:AA6,"~?")>0,"Drill not in library. ",""))&IF(AND(COUNTIF(V6:AA6,"*A*")>0,AB6="Yes")," · split by age",""))) -> OK (8 min spare) | T6: =IF(A6="","",IFERROR(INDEX(Classes!$E$5:$E$23,MATCH(A6,Classes!$A$5:$A$23,0)),"")) -> 4 | U6: =IF(A6="","",IFERROR(INDEX(Classes!$F$5:$F$23,MATCH(A6,Classes!$A$5:$A$23,0)),"")) -> None;Pads/bag;Partner drilling | V6: =IF(OR(D6="",$A6=""),"",IF(ISNA(MATCH(D6,Drills!$A$5:$A$127,0)),"?",IF(N(INDEX(Drills!$K$5:$K$127,MATCH(D6,Drills!$A$5:$A$127,0)))>N($T6),"A","")&IF(ISNUMBER(SEARCH(INDEX(Drills!$E$5:$E$127,MATCH(D6,Drills!$A$5:$A$127,0)),$U6)),"","C"))) | W6: =IF(OR(F6="",$A6=""),"",IF(ISNA(MATCH(F6,Drills!$A$5:$A$127,0)),"?",IF(N(INDEX(Drills!$K$5:$K$127,MATCH(F6,Drills!$A$5:$A$127,0)))>N($T6),"A","")&IF(ISNUMBER(SEARCH(INDEX(Drills!$E$5:$E$127,MATCH(F6,Drills!$A$5:$A$127,0)),$U6)),"","C"))) | X6: =IF(OR(H6="",$A6=""),"",IF(ISNA(MATCH(H6,Drills!$A$5:$A$127,0)),"?",IF(N(INDEX(Drills!$K$5:$K$127,MATCH(H6,Drills!$A$5:$A$127,0)))>N($T6),"A","")&IF(ISNUMBER(SEARCH(INDEX(Drills!$E$5:$E$127,MATCH(H6,Drills!$A$5:$A$127,0)),$U6)),"","C"))) | Y6: =IF(OR(J6="",$A6=""),"",IF(ISNA(MATCH(J6,Drills!$A$5:$A$127,0)),"?",IF(N(INDEX(Drills!$K$5:$K$127,MATCH(J6,Drills!$A$5:$A$127,0)))>N($T6),"A","")&IF(ISNUMBER(SEARCH(INDEX(Drills!$E$5:$E$127,MATCH(J6,Drills!$A$5:$A$127,0)),$U6)),"","C"))) | Z6: =IF(OR(L6="",$A6=""),"",IF(ISNA(MATCH(L6,Drills!$A$5:$A$127,0)),"?",IF(N(INDEX(Drills!$K$5:$K$127,MATCH(L6,Drills!$A$5:$A$127,0)))>N($T6),"A","")&IF(ISNUMBER(SEARCH(INDEX(Drills!$E$5:$E$127,MATCH(L6,Drills!$A$5:$A$127,0)),$U6)),"","C"))) | AA6: =IF(OR(N6="",$A6=""),"",IF(ISNA(MATCH(N6,Drills!$A$5:$A$127,0)),"?",IF(N(INDEX(Drills!$K$5:$K$127,MATCH(N6,Drills!$A$5:$A$127,0)))>N($T6),"A","")&IF(ISNUMBER(SEARCH(INDEX(Drills!$E$5:$E$127,MATCH(N6,Drills!$A$5:$A$127,0)),$U6)),"","C"))) | AB6: =IF(A6="","",IFERROR(INDEX(Classes!$I$5:$I$23,MATCH(A6,Classes!$A$5:$A$23,0)),"")) -> No
A7: Kids Boxing | B7: 3 | C7: Jab and cross | D7: Jump rope | E7: 6 | F7: 1-2 on pads | G7: 10 | H7: Step-drag footwork | I7: 8 | J7: Heavy bag rounds | K7: 10 | L7: Pad target game | M7: 10 | N7: Cool-down stretch and breathing | O7: 6 | P7: =IF(A7="","",SUM(E7,G7,I7,K7,M7,O7)) -> 50 | Q7: =IF(A7="","",IFERROR(INDEX(Classes!$C$5:$C$23,MATCH(A7,Classes!$A$5:$A$23,0)),"")) -> 60 | R7: =IF(A7="","",IF(TRIM(IF(AND(N(Q7)>0,N(P7)>N(Q7)),"Over by "&(P7-Q7)&" min. ","")&IF(AND(COUNTIF(V7:AA7,"*A*")>0,AB7<>"Yes"),"Age check. ","")&IF(COUNTIF(V7:AA7,"*C*")>0,"Contact check. ","")&IF(COUNTIF(V7:AA7,"~?")>0,"Drill not in library. ",""))="","OK"&IF(AND(COUNTIF(V7:AA7,"*A*")>0,AB7="Yes")," · split by age","")&IF(N(Q7)>N(P7)," ("&(Q7-P7)&" min spare)",""),TRIM(IF(AND(N(Q7)>0,N(P7)>N(Q7)),"Over by "&(P7-Q7)&" min. ","")&IF(AND(COUNTIF(V7:AA7,"*A*")>0,AB7<>"Yes"),"Age check. ","")&IF(COUNTIF(V7:AA7,"*C*")>0,"Contact check. ","")&IF(COUNTIF(V7:AA7,"~?")>0,"Drill not in library. ",""))&IF(AND(COUNTIF(V7:AA7,"*A*")>0,AB7="Yes")," · split by age",""))) -> OK (10 min spare) | T7: =IF(A7="","",IFERROR(INDEX(Classes!$E$5:$E$23,MATCH(A7,Classes!$A$5:$A$23,0)),"")) -> 4 | U7: =IF(A7="","",IFERROR(INDEX(Classes!$F$5:$F$23,MATCH(A7,Classes!$A$5:$A$23,0)),"")) -> None;Pads/bag;Partner drilling | V7: =IF(OR(D7="",$A7=""),"",IF(ISNA(MATCH(D7,Drills!$A$5:$A$127,0)),"?",IF(N(INDEX(Drills!$K$5:$K$127,MATCH(D7,Drills!$A$5:$A$127,0)))>N($T7),"A","")&IF(ISNUMBER(SEARCH(INDEX(Drills!$E$5:$E$127,MATCH(D7,Drills!$A$5:$A$127,0)),$U7)),"","C"))) | W7: =IF(OR(F7="",$A7=""),"",IF(ISNA(MATCH(F7,Drills!$A$5:$A$127,0)),"?",IF(N(INDEX(Drills!$K$5:$K$127,MATCH(F7,Drills!$A$5:$A$127,0)))>N($T7),"A","")&IF(ISNUMBER(SEARCH(INDEX(Drills!$E$5:$E$127,MATCH(F7,Drills!$A$5:$A$127,0)),$U7)),"","C"))) | X7: =IF(OR(H7="",$A7=""),"",IF(ISNA(MATCH(H7,Drills!$A$5:$A$127,0)),"?",IF(N(INDEX(Drills!$K$5:$K$127,MATCH(H7,Drills!$A$5:$A$127,0)))>N($T7),"A","")&IF(ISNUMBER(SEARCH(INDEX(Drills!$E$5:$E$127,MATCH(H7,Drills!$A$5:$A$127,0)),$U7)),"","C"))) | Y7: =IF(OR(J7="",$A7=""),"",IF(ISNA(MATCH(J7,Drills!$A$5:$A$127,0)),"?",IF(N(INDEX(Drills!$K$5:$K$127,MATCH(J7,Drills!$A$5:$A$127,0)))>N($T7),"A","")&IF(ISNUMBER(SEARCH(INDEX(Drills!$E$5:$E$127,MATCH(J7,Drills!$A$5:$A$127,0)),$U7)),"","C"))) | Z7: =IF(OR(L7="",$A7=""),"",IF(ISNA(MATCH(L7,Drills!$A$5:$A$127,0)),"?",IF(N(INDEX(Drills!$K$5:$K$127,MATCH(L7,Drills!$A$5:$A$127,0)))>N($T7),"A","")&IF(ISNUMBER(SEARCH(INDEX(Drills!$E$5:$E$127,MATCH(L7,Drills!$A$5:$A$127,0)),$U7)),"","C"))) | AA7: =IF(OR(N7="",$A7=""),"",IF(ISNA(MATCH(N7,Drills!$A$5:$A$127,0)),"?",IF(N(INDEX(Drills!$K$5:$K$127,MATCH(N7,Drills!$A$5:$A$127,0)))>N($T7),"A","")&IF(ISNUMBER(SEARCH(INDEX(Drills!$E$5:$E$127,MATCH(N7,Drills!$A$5:$A$127,0)),$U7)),"","C"))) | AB7: =IF(A7="","",IFERROR(INDEX(Classes!$I$5:$I$23,MATCH(A7,Classes!$A$5:$A$23,0)),"")) -> No
A8: Kids Boxing | B8: 4 | C8: Slips and review | D8: Animal walks | E8: 8 | F8: Slip line | G8: 8 | H8: 1-2 on pads | I8: 10 | J8: Heavy bag rounds | K8: 10 | L8: Follow the leader footwork | M8: 8 | N8: Cool-down stretch and breathing | O8: 6 | P8: =IF(A8="","",SUM(E8,G8,I8,K8,M8,O8)) -> 50 | Q8: =IF(A8="","",IFERROR(INDEX(Classes!$C$5:$C$23,MATCH(A8,Classes!$A$5:$A$23,0)),"")) -> 60 | R8: =IF(A8="","",IF(TRIM(IF(AND(N(Q8)>0,N(P8)>N(Q8)),"Over by "&(P8-Q8)&" min. ","")&IF(AND(COUNTIF(V8:AA8,"*A*")>0,AB8<>"Yes"),"Age check. ","")&IF(COUNTIF(V8:AA8,"*C*")>0,"Contact check. ","")&IF(COUNTIF(V8:AA8,"~?")>0,"Drill not in library. ",""))="","OK"&IF(AND(COUNTIF(V8:AA8,"*A*")>0,AB8="Yes")," · split by age","")&IF(N(Q8)>N(P8)," ("&(Q8-P8)&" min spare)",""),TRIM(IF(AND(N(Q8)>0,N(P8)>N(Q8)),"Over by "&(P8-Q8)&" min. ","")&IF(AND(COUNTIF(V8:AA8,"*A*")>0,AB8<>"Yes"),"Age check. ","")&IF(COUNTIF(V8:AA8,"*C*")>0,"Contact check. ","")&IF(COUNTIF(V8:AA8,"~?")>0,"Drill not in library. ",""))&IF(AND(COUNTIF(V8:AA8,"*A*")>0,AB8="Yes")," · split by age",""))) -> OK (10 min spare) | T8: =IF(A8="","",IFERROR(INDEX(Classes!$E$5:$E$23,MATCH(A8,Classes!$A$5:$A$23,0)),"")) -> 4 | U8: =IF(A8="","",IFERROR(INDEX(Classes!$F$5:$F$23,MATCH(A8,Classes!$A$5:$A$23,0)),"")) -> None;Pads/bag;Partner drilling | V8: =IF(OR(D8="",$A8=""),"",IF(ISNA(MATCH(D8,Drills!$A$5:$A$127,0)),"?",IF(N(INDEX(Drills!$K$5:$K$127,MATCH(D8,Drills!$A$5:$A$127,0)))>N($T8),"A","")&IF(ISNUMBER(SEARCH(INDEX(Drills!$E$5:$E$127,MATCH(D8,Drills!$A$5:$A$127,0)),$U8)),"","C"))) | W8: =IF(OR(F8="",$A8=""),"",IF(ISNA(MATCH(F8,Drills!$A$5:$A$127,0)),"?",IF(N(INDEX(Drills!$K$5:$K$127,MATCH(F8,Drills!$A$5:$A$127,0)))>N($T8),"A","")&IF(ISNUMBER(SEARCH(INDEX(Drills!$E$5:$E$127,MATCH(F8,Drills!$A$5:$A$127,0)),$U8)),"","C"))) | X8: =IF(OR(H8="",$A8=""),"",IF(ISNA(MATCH(H8,Drills!$A$5:$A$127,0)),"?",IF(N(INDEX(Drills!$K$5:$K$127,MATCH(H8,Drills!$A$5:$A$127,0)))>N($T8),"A","")&IF(ISNUMBER(SEARCH(INDEX(Drills!$E$5:$E$127,MATCH(H8,Drills!$A$5:$A$127,0)),$U8)),"","C"))) | Y8: =IF(OR(J8="",$A8=""),"",IF(ISNA(MATCH(J8,Drills!$A$5:$A$127,0)),"?",IF(N(INDEX(Drills!$K$5:$K$127,MATCH(J8,Drills!$A$5:$A$127,0)))>N($T8),"A","")&IF(ISNUMBER(SEARCH(INDEX(Drills!$E$5:$E$127,MATCH(J8,Drills!$A$5:$A$127,0)),$U8)),"","C"))) | Z8: =IF(OR(L8="",$A8=""),"",IF(ISNA(MATCH(L8,Drills!$A$5:$A$127,0)),"?",IF(N(INDEX(Drills!$K$5:$K$127,MATCH(L8,Drills!$A$5:$A$127,0)))>N($T8),"A","")&IF(ISNUMBER(SEARCH(INDEX(Drills!$E$5:$E$127,MATCH(L8,Drills!$A$5:$A$127,0)),$U8)),"","C"))) | AA8: =IF(OR(N8="",$A8=""),"",IF(ISNA(MATCH(N8,Drills!$A$5:$A$127,0)),"?",IF(N(INDEX(Drills!$K$5:$K$127,MATCH(N8,Drills!$A$5:$A$127,0)))>N($T8),"A","")&IF(ISNUMBER(SEARCH(INDEX(Drills!$E$5:$E$127,MATCH(N8,Drills!$A$5:$A$127,0)),$U8)),"","C"))) | AB8: =IF(A8="","",IFERROR(INDEX(Classes!$I$5:$I$23,MATCH(A8,Classes!$A$5:$A$23,0)),"")) -> No
A9: Wrestling | B9: 1 | C9: Stance and safe falling | D9: Grappling movement warm-up | E9: 10 | F9: Breakfalls | G9: 6 | H9: Stance and motion | I9: 6 | J9: Sprawl drill | K9: 5 | L9: Knee tag | M9: 6 | N9: Cool-down stretch and breathing | O9: 5 | P9: =IF(A9="","",SUM(E9,G9,I9,K9,M9,O9)) -> 38 | Q9: =IF(A9="","",IFERROR(INDEX(Classes!$C$5:$C$23,MATCH(A9,Classes!$A$5:$A$23,0)),"")) -> 40 | R9: =IF(A9="","",IF(TRIM(IF(AND(N(Q9)>0,N(P9)>N(Q9)),"Over by "&(P9-Q9)&" min. ","")&IF(AND(COUNTIF(V9:AA9,"*A*")>0,AB9<>"Yes"),"Age check. ","")&IF(COUNTIF(V9:AA9,"*C*")>0,"Contact check. ","")&IF(COUNTIF(V9:AA9,"~?")>0,"Drill not in library. ",""))="","OK"&IF(AND(COUNTIF(V9:AA9,"*A*")>0,AB9="Yes")," · split by age","")&IF(N(Q9)>N(P9)," ("&(Q9-P9)&" min spare)",""),TRIM(IF(AND(N(Q9)>0,N(P9)>N(Q9)),"Over by "&(P9-Q9)&" min. ","")&IF(AND(COUNTIF(V9:AA9,"*A*")>0,AB9<>"Yes"),"Age check. ","")&IF(COUNTIF(V9:AA9,"*C*")>0,"Contact check. ","")&IF(COUNTIF(V9:AA9,"~?")>0,"Drill not in library. ",""))&IF(AND(COUNTIF(V9:AA9,"*A*")>0,AB9="Yes")," · split by age",""))) -> OK (2 min spare) | T9: =IF(A9="","",IFERROR(INDEX(Classes!$E$5:$E$23,MATCH(A9,Classes!$A$5:$A$23,0)),"")) -> 6 | U9: =IF(A9="","",IFERROR(INDEX(Classes!$F$5:$F$23,MATCH(A9,Classes!$A$5:$A$23,0)),"")) -> None;Partner drilling;Live grappling | V9: =IF(OR(D9="",$A9=""),"",IF(ISNA(MATCH(D9,Drills!$A$5:$A$127,0)),"?",IF(N(INDEX(Drills!$K$5:$K$127,MATCH(D9,Drills!$A$5:$A$127,0)))>N($T9),"A","")&IF(ISNUMBER(SEARCH(INDEX(Drills!$E$5:$E$127,MATCH(D9,Drills!$A$5:$A$127,0)),$U9)),"","C"))) | W9: =IF(OR(F9="",$A9=""),"",IF(ISNA(MATCH(F9,Drills!$A$5:$A$127,0)),"?",IF(N(INDEX(Drills!$K$5:$K$127,MATCH(F9,Drills!$A$5:$A$127,0)))>N($T9),"A","")&IF(ISNUMBER(SEARCH(INDEX(Drills!$E$5:$E$127,MATCH(F9,Drills!$A$5:$A$127,0)),$U9)),"","C"))) | X9: =IF(OR(H9="",$A9=""),"",IF(ISNA(MATCH(H9,Drills!$A$5:$A$127,0)),"?",IF(N(INDEX(Drills!$K$5:$K$127,MATCH(H9,Drills!$A$5:$A$127,0)))>N($T9),"A","")&IF(ISNUMBER(SEARCH(INDEX(Drills!$E$5:$E$127,MATCH(H9,Drills!$A$5:$A$127,0)),$U9)),"","C"))) | Y9: =IF(OR(J9="",$A9=""),"",IF(ISNA(MATCH(J9,Drills!$A$5:$A$127,0)),"?",IF(N(INDEX(Drills!$K$5:$K$127,MATCH(J9,Drills!$A$5:$A$127,0)))>N($T9),"A","")&IF(ISNUMBER(SEARCH(INDEX(Drills!$E$5:$E$127,MATCH(J9,Drills!$A$5:$A$127,0)),$U9)),"","C"))) | Z9: =IF(OR(L9="",$A9=""),"",IF(ISNA(MATCH(L9,Drills!$A$5:$A$127,0)),"?",IF(N(INDEX(Drills!$K$5:$K$127,MATCH(L9,Drills!$A$5:$A$127,0)))>N($T9),"A","")&IF(ISNUMBER(SEARCH(INDEX(Drills!$E$5:$E$127,MATCH(L9,Drills!$A$5:$A$127,0)),$U9)),"","C"))) | AA9: =IF(OR(N9="",$A9=""),"",IF(ISNA(MATCH(N9,Drills!$A$5:$A$127,0)),"?",IF(N(INDEX(Drills!$K$5:$K$127,MATCH(N9,Drills!$A$5:$A$127,0)))>N($T9),"A","")&IF(ISNUMBER(SEARCH(INDEX(Drills!$E$5:$E$127,MATCH(N9,Drills!$A$5:$A$127,0)),$U9)),"","C"))) | AB9: =IF(A9="","",IFERROR(INDEX(Classes!$I$5:$I$23,MATCH(A9,Classes!$A$5:$A$23,0)),"")) -> No
A10: Wrestling | B10: 2 | C10: Penetration step | D10: Breakfalls | E10: 6 | F10: Penetration step | G10: 8 | H10: Sprawl drill | I10: 5 | J10: Sumo push | K10: 6 | L10: Live wrestling from the knees | M10: 10 | N10: Cool-down stretch and breathing | O10: 5 | P10: =IF(A10="","",SUM(E10,G10,I10,K10,M10,O10)) -> 40 | Q10: =IF(A10="","",IFERROR(INDEX(Classes!$C$5:$C$23,MATCH(A10,Classes!$A$5:$A$23,0)),"")) -> 40 | R10: =IF(A10="","",IF(TRIM(IF(AND(N(Q10)>0,N(P10)>N(Q10)),"Over by "&(P10-Q10)&" min. ","")&IF(AND(COUNTIF(V10:AA10,"*A*")>0,AB10<>"Yes"),"Age check. ","")&IF(COUNTIF(V10:AA10,"*C*")>0,"Contact check. ","")&IF(COUNTIF(V10:AA10,"~?")>0,"Drill not in library. ",""))="","OK"&IF(AND(COUNTIF(V10:AA10,"*A*")>0,AB10="Yes")," · split by age","")&IF(N(Q10)>N(P10)," ("&(Q10-P10)&" min spare)",""),TRIM(IF(AND(N(Q10)>0,N(P10)>N(Q10)),"Over by "&(P10-Q10)&" min. ","")&IF(AND(COUNTIF(V10:AA10,"*A*")>0,AB10<>"Yes"),"Age check. ","")&IF(COUNTIF(V10:AA10,"*C*")>0,"Contact check. ","")&IF(COUNTIF(V10:AA10,"~?")>0,"Drill not in library. ",""))&IF(AND(COUNTIF(V10:AA10,"*A*")>0,AB10="Yes")," · split by age",""))) -> OK | T10: =IF(A10="","",IFERROR(INDEX(Classes!$E$5:$E$23,MATCH(A10,Classes!$A$5:$A$23,0)),"")) -> 6 | U10: =IF(A10="","",IFERROR(INDEX(Classes!$F$5:$F$23,MATCH(A10,Classes!$A$5:$A$23,0)),"")) -> None;Partner drilling;Live grappling | V10: =IF(OR(D10="",$A10=""),"",IF(ISNA(MATCH(D10,Drills!$A$5:$A$127,0)),"?",IF(N(INDEX(Drills!$K$5:$K$127,MATCH(D10,Drills!$A$5:$A$127,0)))>N($T10),"A","")&IF(ISNUMBER(SEARCH(INDEX(Drills!$E$5:$E$127,MATCH(D10,Drills!$A$5:$A$127,0)),$U10)),"","C"))) | W10: =IF(OR(F10="",$A10=""),"",IF(ISNA(MATCH(F10,Drills!$A$5:$A$127,0)),"?",IF(N(INDEX(Drills!$K$5:$K$127,MATCH(F10,Drills!$A$5:$A$127,0)))>N($T10),"A","")&IF(ISNUMBER(SEARCH(INDEX(Drills!$E$5:$E$127,MATCH(F10,Drills!$A$5:$A$127,0)),$U10)),"","C"))) | X10: =IF(OR(H10="",$A10=""),"",IF(ISNA(MATCH(H10,Drills!$A$5:$A$127,0)),"?",IF(N(INDEX(Drills!$K$5:$K$127,MATCH(H10,Drills!$A$5:$A$127,0)))>N($T10),"A","")&IF(ISNUMBER(SEARCH(INDEX(Drills!$E$5:$E$127,MATCH(H10,Drills!$A$5:$A$127,0)),$U10)),"","C"))) | Y10: =IF(OR(J10="",$A10=""),"",IF(ISNA(MATCH(J10,Drills!$A$5:$A$127,0)),"?",IF(N(INDEX(Drills!$K$5:$K$127,MATCH(J10,Drills!$A$5:$A$127,0)))>N($T10),"A","")&IF(ISNUMBER(SEARCH(INDEX(Drills!$E$5:$E$127,MATCH(J10,Drills!$A$5:$A$127,0)),$U10)),"","C"))) | Z10: =IF(OR(L10="",$A10=""),"",IF(ISNA(MATCH(L10,Drills!$A$5:$A$127,0)),"?",IF(N(INDEX(Drills!$K$5:$K$127,MATCH(L10,Drills!$A$5:$A$127,0)))>N($T10),"A","")&IF(ISNUMBER(SEARCH(INDEX(Drills!$E$5:$E$127,MATCH(L10,Drills!$A$5:$A$127,0)),$U10)),"","C"))) | AA10: =IF(OR(N10="",$A10=""),"",IF(ISNA(MATCH(N10,Drills!$A$5:$A$127,0)),"?",IF(N(INDEX(Drills!$K$5:$K$127,MATCH(N10,Drills!$A$5:$A$127,0)))>N($T10),"A","")&IF(ISNUMBER(SEARCH(INDEX(Drills!$E$5:$E$127,MATCH(N10,Drills!$A$5:$A$127,0)),$U10)),"","C"))) | AB10: =IF(A10="","",IFERROR(INDEX(Classes!$I$5:$I$23,MATCH(A10,Classes!$A$5:$A$23,0)),"")) -> No
A11: Wrestling | B11: 3 | C11: Pins | D11: Animal walks | E11: 6 | F11: Half nelson turn | G11: 8 | H11: Turtle flip | I11: 6 | J11: Sprawl drill | K11: 5 | L11: Live wrestling from the knees | M11: 10 | N11: Cool-down stretch and breathing | O11: 5 | P11: =IF(A11="","",SUM(E11,G11,I11,K11,M11,O11)) -> 40 | Q11: =IF(A11="","",IFERROR(INDEX(Classes!$C$5:$C$23,MATCH(A11,Classes!$A$5:$A$23,0)),"")) -> 40 | R11: =IF(A11="","",IF(TRIM(IF(AND(N(Q11)>0,N(P11)>N(Q11)),"Over by "&(P11-Q11)&" min. ","")&IF(AND(COUNTIF(V11:AA11,"*A*")>0,AB11<>"Yes"),"Age check. ","")&IF(COUNTIF(V11:AA11,"*C*")>0,"Contact check. ","")&IF(COUNTIF(V11:AA11,"~?")>0,"Drill not in library. ",""))="","OK"&IF(AND(COUNTIF(V11:AA11,"*A*")>0,AB11="Yes")," · split by age","")&IF(N(Q11)>N(P11)," ("&(Q11-P11)&" min spare)",""),TRIM(IF(AND(N(Q11)>0,N(P11)>N(Q11)),"Over by "&(P11-Q11)&" min. ","")&IF(AND(COUNTIF(V11:AA11,"*A*")>0,AB11<>"Yes"),"Age check. ","")&IF(COUNTIF(V11:AA11,"*C*")>0,"Contact check. ","")&IF(COUNTIF(V11:AA11,"~?")>0,"Drill not in library. ",""))&IF(AND(COUNTIF(V11:AA11,"*A*")>0,AB11="Yes")," · split by age",""))) -> OK | T11: =IF(A11="","",IFERROR(INDEX(Classes!$E$5:$E$23,MATCH(A11,Classes!$A$5:$A$23,0)),"")) -> 6 | U11: =IF(A11="","",IFERROR(INDEX(Classes!$F$5:$F$23,MATCH(A11,Classes!$A$5:$A$23,0)),"")) -> None;Partner drilling;Live grappling | V11: =IF(OR(D11="",$A11=""),"",IF(ISNA(MATCH(D11,Drills!$A$5:$A$127,0)),"?",IF(N(INDEX(Drills!$K$5:$K$127,MATCH(D11,Drills!$A$5:$A$127,0)))>N($T11),"A","")&IF(ISNUMBER(SEARCH(INDEX(Drills!$E$5:$E$127,MATCH(D11,Drills!$A$5:$A$127,0)),$U11)),"","C"))) | W11: =IF(OR(F11="",$A11=""),"",IF(ISNA(MATCH(F11,Drills!$A$5:$A$127,0)),"?",IF(N(INDEX(Drills!$K$5:$K$127,MATCH(F11,Drills!$A$5:$A$127,0)))>N($T11),"A","")&IF(ISNUMBER(SEARCH(INDEX(Drills!$E$5:$E$127,MATCH(F11,Drills!$A$5:$A$127,0)),$U11)),"","C"))) | X11: =IF(OR(H11="",$A11=""),"",IF(ISNA(MATCH(H11,Drills!$A$5:$A$127,0)),"?",IF(N(INDEX(Drills!$K$5:$K$127,MATCH(H11,Drills!$A$5:$A$127,0)))>N($T11),"A","")&IF(ISNUMBER(SEARCH(INDEX(Drills!$E$5:$E$127,MATCH(H11,Drills!$A$5:$A$127,0)),$U11)),"","C"))) | Y11: =IF(OR(J11="",$A11=""),"",IF(ISNA(MATCH(J11,Drills!$A$5:$A$127,0)),"?",IF(N(INDEX(Drills!$K$5:$K$127,MATCH(J11,Drills!$A$5:$A$127,0)))>N($T11),"A","")&IF(ISNUMBER(SEARCH(INDEX(Drills!$E$5:$E$127,MATCH(J11,Drills!$A$5:$A$127,0)),$U11)),"","C"))) | Z11: =IF(OR(L11="",$A11=""),"",IF(ISNA(MATCH(L11,Drills!$A$5:$A$127,0)),"?",IF(N(INDEX(Drills!$K$5:$K$127,MATCH(L11,Drills!$A$5:$A$127,0)))>N($T11),"A","")&IF(ISNUMBER(SEARCH(INDEX(Drills!$E$5:$E$127,MATCH(L11,Drills!$A$5:$A$127,0)),$U11)),"","C"))) | AA11: =IF(OR(N11="",$A11=""),"",IF(ISNA(MATCH(N11,Drills!$A$5:$A$127,0)),"?",IF(N(INDEX(Drills!$K$5:$K$127,MATCH(N11,Drills!$A$5:$A$127,0)))>N($T11),"A","")&IF(ISNUMBER(SEARCH(INDEX(Drills!$E$5:$E$127,MATCH(N11,Drills!$A$5:$A$127,0)),$U11)),"","C"))) | AB11: =IF(A11="","",IFERROR(INDEX(Classes!$I$5:$I$23,MATCH(A11,Classes!$A$5:$A$23,0)),"")) -> No
A12: Wrestling | B12: 4 | C12: Review and games | D12: Breakfalls | E12: 6 | F12: Penetration step | G12: 8 | H12: Knee tag | I12: 6 | J12: Sprawl drill | K12: 5 | L12: Live wrestling from the knees | M12: 10 | N12: Cool-down stretch and breathing | O12: 5 | P12: =IF(A12="","",SUM(E12,G12,I12,K12,M12,O12)) -> 40 | Q12: =IF(A12="","",IFERROR(INDEX(Classes!$C$5:$C$23,MATCH(A12,Classes!$A$5:$A$23,0)),"")) -> 40 | R12: =IF(A12="","",IF(TRIM(IF(AND(N(Q12)>0,N(P12)>N(Q12)),"Over by "&(P12-Q12)&" min. ","")&IF(AND(COUNTIF(V12:AA12,"*A*")>0,AB12<>"Yes"),"Age check. ","")&IF(COUNTIF(V12:AA12,"*C*")>0,"Contact check. ","")&IF(COUNTIF(V12:AA12,"~?")>0,"Drill not in library. ",""))="","OK"&IF(AND(COUNTIF(V12:AA12,"*A*")>0,AB12="Yes")," · split by age","")&IF(N(Q12)>N(P12)," ("&(Q12-P12)&" min spare)",""),TRIM(IF(AND(N(Q12)>0,N(P12)>N(Q12)),"Over by "&(P12-Q12)&" min. ","")&IF(AND(COUNTIF(V12:AA12,"*A*")>0,AB12<>"Yes"),"Age check. ","")&IF(COUNTIF(V12:AA12,"*C*")>0,"Contact check. ","")&IF(COUNTIF(V12:AA12,"~?")>0,"Drill not in library. ",""))&IF(AND(COUNTIF(V12:AA12,"*A*")>0,AB12="Yes")," · split by age",""))) -> OK | T12: =IF(A12="","",IFERROR(INDEX(Classes!$E$5:$E$23,MATCH(A12,Classes!$A$5:$A$23,0)),"")) -> 6 | U12: =IF(A12="","",IFERROR(INDEX(Classes!$F$5:$F$23,MATCH(A12,Classes!$A$5:$A$23,0)),"")) -> None;Partner drilling;Live grappling | V12: =IF(OR(D12="",$A12=""),"",IF(ISNA(MATCH(D12,Drills!$A$5:$A$127,0)),"?",IF(N(INDEX(Drills!$K$5:$K$127,MATCH(D12,Drills!$A$5:$A$127,0)))>N($T12),"A","")&IF(ISNUMBER(SEARCH(INDEX(Drills!$E$5:$E$127,MATCH(D12,Drills!$A$5:$A$127,0)),$U12)),"","C"))) | W12: =IF(OR(F12="",$A12=""),"",IF(ISNA(MATCH(F12,Drills!$A$5:$A$127,0)),"?",IF(N(INDEX(Drills!$K$5:$K$127,MATCH(F12,Drills!$A$5:$A$127,0)))>N($T12),"A","")&IF(ISNUMBER(SEARCH(INDEX(Drills!$E$5:$E$127,MATCH(F12,Drills!$A$5:$A$127,0)),$U12)),"","C"))) | X12: =IF(OR(H12="",$A12=""),"",IF(ISNA(MATCH(H12,Drills!$A$5:$A$127,0)),"?",IF(N(INDEX(Drills!$K$5:$K$127,MATCH(H12,Drills!$A$5:$A$127,0)))>N($T12),"A","")&IF(ISNUMBER(SEARCH(INDEX(Drills!$E$5:$E$127,MATCH(H12,Drills!$A$5:$A$127,0)),$U12)),"","C"))) | Y12: =IF(OR(J12="",$A12=""),"",IF(ISNA(MATCH(J12,Drills!$A$5:$A$127,0)),"?",IF(N(INDEX(Drills!$K$5:$K$127,MATCH(J12,Drills!$A$5:$A$127,0)))>N($T12),"A","")&IF(ISNUMBER(SEARCH(INDEX(Drills!$E$5:$E$127,MATCH(J12,Drills!$A$5:$A$127,0)),$U12)),"","C"))) | Z12: =IF(OR(L12="",$A12=""),"",IF(ISNA(MATCH(L12,Drills!$A$5:$A$127,0)),"?",IF(N(INDEX(Drills!$K$5:$K$127,MATCH(L12,Drills!$A$5:$A$127,0)))>N($T12),"A","")&IF(ISNUMBER(SEARCH(INDEX(Drills!$E$5:$E$127,MATCH(L12,Drills!$A$5:$A$127,0)),$U12)),"","C"))) | AA12: =IF(OR(N12="",$A12=""),"",IF(ISNA(MATCH(N12,Drills!$A$5:$A$127,0)),"?",IF(N(INDEX(Drills!$K$5:$K$127,MATCH(N12,Drills!$A$5:$A$127,0)))>N($T12),"A","")&IF(ISNUMBER(SEARCH(INDEX(Drills!$E$5:$E$127,MATCH(N12,Drills!$A$5:$A$127,0)),$U12)),"","C"))) | AB12: =IF(A12="","",IFERROR(INDEX(Classes!$I$5:$I$23,MATCH(A12,Classes!$A$5:$A$23,0)),"")) -> No
A13: Boxing 11-14 | B13: 1 | C13: Fundamentals | D13: Jump rope | E13: 6 | F13: Stance and guard | G13: 8 | H13: Step-drag footwork | I13: 8 | J13: 1-2 on pads | K13: 10 | L13: Heavy bag rounds | M13: 12 | N13: Cool-down stretch and breathing | O13: 6 | P13: =IF(A13="","",SUM(E13,G13,I13,K13,M13,O13)) -> 50 | Q13: =IF(A13="","",IFERROR(INDEX(Classes!$C$5:$C$23,MATCH(A13,Classes!$A$5:$A$23,0)),"")) -> 60 | R13: =IF(A13="","",IF(TRIM(IF(AND(N(Q13)>0,N(P13)>N(Q13)),"Over by "&(P13-Q13)&" min. ","")&IF(AND(COUNTIF(V13:AA13,"*A*")>0,AB13<>"Yes"),"Age check. ","")&IF(COUNTIF(V13:AA13,"*C*")>0,"Contact check. ","")&IF(COUNTIF(V13:AA13,"~?")>0,"Drill not in library. ",""))="","OK"&IF(AND(COUNTIF(V13:AA13,"*A*")>0,AB13="Yes")," · split by age","")&IF(N(Q13)>N(P13)," ("&(Q13-P13)&" min spare)",""),TRIM(IF(AND(N(Q13)>0,N(P13)>N(Q13)),"Over by "&(P13-Q13)&" min. ","")&IF(AND(COUNTIF(V13:AA13,"*A*")>0,AB13<>"Yes"),"Age check. ","")&IF(COUNTIF(V13:AA13,"*C*")>0,"Contact check. ","")&IF(COUNTIF(V13:AA13,"~?")>0,"Drill not in library. ",""))&IF(AND(COUNTIF(V13:AA13,"*A*")>0,AB13="Yes")," · split by age",""))) -> OK (10 min spare) | T13: =IF(A13="","",IFERROR(INDEX(Classes!$E$5:$E$23,MATCH(A13,Classes!$A$5:$A$23,0)),"")) -> 11 | U13: =IF(A13="","",IFERROR(INDEX(Classes!$F$5:$F$23,MATCH(A13,Classes!$A$5:$A$23,0)),"")) -> None;Pads/bag;Light touch (body) | V13: =IF(OR(D13="",$A13=""),"",IF(ISNA(MATCH(D13,Drills!$A$5:$A$127,0)),"?",IF(N(INDEX(Drills!$K$5:$K$127,MATCH(D13,Drills!$A$5:$A$127,0)))>N($T13),"A","")&IF(ISNUMBER(SEARCH(INDEX(Drills!$E$5:$E$127,MATCH(D13,Drills!$A$5:$A$127,0)),$U13)),"","C"))) | W13: =IF(OR(F13="",$A13=""),"",IF(ISNA(MATCH(F13,Drills!$A$5:$A$127,0)),"?",IF(N(INDEX(Drills!$K$5:$K$127,MATCH(F13,Drills!$A$5:$A$127,0)))>N($T13),"A","")&IF(ISNUMBER(SEARCH(INDEX(Drills!$E$5:$E$127,MATCH(F13,Drills!$A$5:$A$127,0)),$U13)),"","C"))) | X13: =IF(OR(H13="",$A13=""),"",IF(ISNA(MATCH(H13,Drills!$A$5:$A$127,0)),"?",IF(N(INDEX(Drills!$K$5:$K$127,MATCH(H13,Drills!$A$5:$A$127,0)))>N($T13),"A","")&IF(ISNUMBER(SEARCH(INDEX(Drills!$E$5:$E$127,MATCH(H13,Drills!$A$5:$A$127,0)),$U13)),"","C"))) | Y13: =IF(OR(J13="",$A13=""),"",IF(ISNA(MATCH(J13,Drills!$A$5:$A$127,0)),"?",IF(N(INDEX(Drills!$K$5:$K$127,MATCH(J13,Drills!$A$5:$A$127,0)))>N($T13),"A","")&IF(ISNUMBER(SEARCH(INDEX(Drills!$E$5:$E$127,MATCH(J13,Drills!$A$5:$A$127,0)),$U13)),"","C"))) | Z13: =IF(OR(L13="",$A13=""),"",IF(ISNA(MATCH(L13,Drills!$A$5:$A$127,0)),"?",IF(N(INDEX(Drills!$K$5:$K$127,MATCH(L13,Drills!$A$5:$A$127,0)))>N($T13),"A","")&IF(ISNUMBER(SEARCH(INDEX(Drills!$E$5:$E$127,MATCH(L13,Drills!$A$5:$A$127,0)),$U13)),"","C"))) | AA13: =IF(OR(N13="",$A13=""),"",IF(ISNA(MATCH(N13,Drills!$A$5:$A$127,0)),"?",IF(N(INDEX(Drills!$K$5:$K$127,MATCH(N13,Drills!$A$5:$A$127,0)))>N($T13),"A","")&IF(ISNUMBER(SEARCH(INDEX(Drills!$E$5:$E$127,MATCH(N13,Drills!$A$5:$A$127,0)),$U13)),"","C"))) | AB13: =IF(A13="","",IFERROR(INDEX(Classes!$I$5:$I$23,MATCH(A13,Classes!$A$5:$A$23,0)),"")) -> No
A14: Boxing 11-14 | B14: 2 | C14: Combinations | D14: Dynamic warm-up | E14: 10 | F14: 1-2-3 on pads | G14: 10 | H14: Coach-called combinations | I14: 8 | J14: Heavy bag rounds | K14: 12 | L14: Bob and weave under the rope | M14: 6 | N14: Cool-down stretch and breathing | O14: 6 | P14: =IF(A14="","",SUM(E14,G14,I14,K14,M14,O14)) -> 52 | Q14: =IF(A14="","",IFERROR(INDEX(Classes!$C$5:$C$23,MATCH(A14,Classes!$A$5:$A$23,0)),"")) -> 60 | R14: =IF(A14="","",IF(TRIM(IF(AND(N(Q14)>0,N(P14)>N(Q14)),"Over by "&(P14-Q14)&" min. ","")&IF(AND(COUNTIF(V14:AA14,"*A*")>0,AB14<>"Yes"),"Age check. ","")&IF(COUNTIF(V14:AA14,"*C*")>0,"Contact check. ","")&IF(COUNTIF(V14:AA14,"~?")>0,"Drill not in library. ",""))="","OK"&IF(AND(COUNTIF(V14:AA14,"*A*")>0,AB14="Yes")," · split by age","")&IF(N(Q14)>N(P14)," ("&(Q14-P14)&" min spare)",""),TRIM(IF(AND(N(Q14)>0,N(P14)>N(Q14)),"Over by "&(P14-Q14)&" min. ","")&IF(AND(COUNTIF(V14:AA14,"*A*")>0,AB14<>"Yes"),"Age check. ","")&IF(COUNTIF(V14:AA14,"*C*")>0,"Contact check. ","")&IF(COUNTIF(V14:AA14,"~?")>0,"Drill not in library. ",""))&IF(AND(COUNTIF(V14:AA14,"*A*")>0,AB14="Yes")," · split by age",""))) -> OK (8 min spare) | T14: =IF(A14="","",IFERROR(INDEX(Classes!$E$5:$E$23,MATCH(A14,Classes!$A$5:$A$23,0)),"")) -> 11 | U14: =IF(A14="","",IFERROR(INDEX(Classes!$F$5:$F$23,MATCH(A14,Classes!$A$5:$A$23,0)),"")) -> None;Pads/bag;Light touch (body) | V14: =IF(OR(D14="",$A14=""),"",IF(ISNA(MATCH(D14,Drills!$A$5:$A$127,0)),"?",IF(N(INDEX(Drills!$K$5:$K$127,MATCH(D14,Drills!$A$5:$A$127,0)))>N($T14),"A","")&IF(ISNUMBER(SEARCH(INDEX(Drills!$E$5:$E$127,MATCH(D14,Drills!$A$5:$A$127,0)),$U14)),"","C"))) | W14: =IF(OR(F14="",$A14=""),"",IF(ISNA(MATCH(F14,Drills!$A$5:$A$127,0)),"?",IF(N(INDEX(Drills!$K$5:$K$127,MATCH(F14,Drills!$A$5:$A$127,0)))>N($T14),"A","")&IF(ISNUMBER(SEARCH(INDEX(Drills!$E$5:$E$127,MATCH(F14,Drills!$A$5:$A$127,0)),$U14)),"","C"))) | X14: =IF(OR(H14="",$A14=""),"",IF(ISNA(MATCH(H14,Drills!$A$5:$A$127,0)),"?",IF(N(INDEX(Drills!$K$5:$K$127,MATCH(H14,Drills!$A$5:$A$127,0)))>N($T14),"A","")&IF(ISNUMBER(SEARCH(INDEX(Drills!$E$5:$E$127,MATCH(H14,Drills!$A$5:$A$127,0)),$U14)),"","C"))) | Y14: =IF(OR(J14="",$A14=""),"",IF(ISNA(MATCH(J14,Drills!$A$5:$A$127,0)),"?",IF(N(INDEX(Drills!$K$5:$K$127,MATCH(J14,Drills!$A$5:$A$127,0)))>N($T14),"A","")&IF(ISNUMBER(SEARCH(INDEX(Drills!$E$5:$E$127,MATCH(J14,Drills!$A$5:$A$127,0)),$U14)),"","C"))) | Z14: =IF(OR(L14="",$A14=""),"",IF(ISNA(MATCH(L14,Drills!$A$5:$A$127,0)),"?",IF(N(INDEX(Drills!$K$5:$K$127,MATCH(L14,Drills!$A$5:$A$127,0)))>N($T14),"A","")&IF(ISNUMBER(SEARCH(INDEX(Drills!$E$5:$E$127,MATCH(L14,Drills!$A$5:$A$127,0)),$U14)),"","C"))) | AA14: =IF(OR(N14="",$A14=""),"",IF(ISNA(MATCH(N14,Drills!$A$5:$A$127,0)),"?",IF(N(INDEX(Drills!$K$5:$K$127,MATCH(N14,Drills!$A$5:$A$127,0)))>N($T14),"A","")&IF(ISNUMBER(SEARCH(INDEX(Drills!$E$5:$E$127,MATCH(N14,Drills!$A$5:$A$127,0)),$U14)),"","C"))) | AB14: =IF(A14="","",IFERROR(INDEX(Classes!$I$5:$I$23,MATCH(A14,Classes!$A$5:$A$23,0)),"")) -> No
A15: Boxing 11-14 | B15: 3 | C15: Defence | D15: Jump rope | E15: 6 | F15: Slip line | G15: 8 | H15: Bob and weave under the rope | I15: 8 | J15: Heavy bag rounds | K15: 12 | L15: Body-only partner touch | M15: 8 | N15: Cool-down stretch and breathing | O15: 6 | P15: =IF(A15="","",SUM(E15,G15,I15,K15,M15,O15)) -> 48 | Q15: =IF(A15="","",IFERROR(INDEX(Classes!$C$5:$C$23,MATCH(A15,Classes!$A$5:$A$23,0)),"")) -> 60 | R15: =IF(A15="","",IF(TRIM(IF(AND(N(Q15)>0,N(P15)>N(Q15)),"Over by "&(P15-Q15)&" min. ","")&IF(AND(COUNTIF(V15:AA15,"*A*")>0,AB15<>"Yes"),"Age check. ","")&IF(COUNTIF(V15:AA15,"*C*")>0,"Contact check. ","")&IF(COUNTIF(V15:AA15,"~?")>0,"Drill not in library. ",""))="","OK"&IF(AND(COUNTIF(V15:AA15,"*A*")>0,AB15="Yes")," · split by age","")&IF(N(Q15)>N(P15)," ("&(Q15-P15)&" min spare)",""),TRIM(IF(AND(N(Q15)>0,N(P15)>N(Q15)),"Over by "&(P15-Q15)&" min. ","")&IF(AND(COUNTIF(V15:AA15,"*A*")>0,AB15<>"Yes"),"Age check. ","")&IF(COUNTIF(V15:AA15,"*C*")>0,"Contact check. ","")&IF(COUNTIF(V15:AA15,"~?")>0,"Drill not in library. ",""))&IF(AND(COUNTIF(V15:AA15,"*A*")>0,AB15="Yes")," · split by age",""))) -> OK (12 min spare) | T15: =IF(A15="","",IFERROR(INDEX(Classes!$E$5:$E$23,MATCH(A15,Classes!$A$5:$A$23,0)),"")) -> 11 | U15: =IF(A15="","",IFERROR(INDEX(Classes!$F$5:$F$23,MATCH(A15,Classes!$A$5:$A$23,0)),"")) -> None;Pads/bag;Light touch (body) | V15: =IF(OR(D15="",$A15=""),"",IF(ISNA(MATCH(D15,Drills!$A$5:$A$127,0)),"?",IF(N(INDEX(Drills!$K$5:$K$127,MATCH(D15,Drills!$A$5:$A$127,0)))>N($T15),"A","")&IF(ISNUMBER(SEARCH(INDEX(Drills!$E$5:$E$127,MATCH(D15,Drills!$A$5:$A$127,0)),$U15)),"","C"))) | W15: =IF(OR(F15="",$A15=""),"",IF(ISNA(MATCH(F15,Drills!$A$5:$A$127,0)),"?",IF(N(INDEX(Drills!$K$5:$K$127,MATCH(F15,Drills!$A$5:$A$127,0)))>N($T15),"A","")&IF(ISNUMBER(SEARCH(INDEX(Drills!$E$5:$E$127,MATCH(F15,Drills!$A$5:$A$127,0)),$U15)),"","C"))) | X15: =IF(OR(H15="",$A15=""),"",IF(ISNA(MATCH(H15,Drills!$A$5:$A$127,0)),"?",IF(N(INDEX(Drills!$K$5:$K$127,MATCH(H15,Drills!$A$5:$A$127,0)))>N($T15),"A","")&IF(ISNUMBER(SEARCH(INDEX(Drills!$E$5:$E$127,MATCH(H15,Drills!$A$5:$A$127,0)),$U15)),"","C"))) | Y15: =IF(OR(J15="",$A15=""),"",IF(ISNA(MATCH(J15,Drills!$A$5:$A$127,0)),"?",IF(N(INDEX(Drills!$K$5:$K$127,MATCH(J15,Drills!$A$5:$A$127,0)))>N($T15),"A","")&IF(ISNUMBER(SEARCH(INDEX(Drills!$E$5:$E$127,MATCH(J15,Drills!$A$5:$A$127,0)),$U15)),"","C"))) | Z15: =IF(OR(L15="",$A15=""),"",IF(ISNA(MATCH(L15,Drills!$A$5:$A$127,0)),"?",IF(N(INDEX(Drills!$K$5:$K$127,MATCH(L15,Drills!$A$5:$A$127,0)))>N($T15),"A","")&IF(ISNUMBER(SEARCH(INDEX(Drills!$E$5:$E$127,MATCH(L15,Drills!$A$5:$A$127,0)),$U15)),"","C"))) | AA15: =IF(OR(N15="",$A15=""),"",IF(ISNA(MATCH(N15,Drills!$A$5:$A$127,0)),"?",IF(N(INDEX(Drills!$K$5:$K$127,MATCH(N15,Drills!$A$5:$A$127,0)))>N($T15),"A","")&IF(ISNUMBER(SEARCH(INDEX(Drills!$E$5:$E$127,MATCH(N15,Drills!$A$5:$A$127,0)),$U15)),"","C"))) | AB15: =IF(A15="","",IFERROR(INDEX(Classes!$I$5:$I$23,MATCH(A15,Classes!$A$5:$A$23,0)),"")) -> No
A16: Boxing 11-14 | B16: 4 | C16: Putting it together | D16: Dynamic warm-up | E16: 10 | F16: Footwork ladder and cones | G16: 8 | H16: 1-2-3 on pads | I16: 10 | J16: Heavy bag rounds | K16: 12 | L16: Body-only partner touch | M16: 8 | N16: Cool-down stretch and breathing | O16: 6 | P16: =IF(A16="","",SUM(E16,G16,I16,K16,M16,O16)) -> 54 | Q16: =IF(A16="","",IFERROR(INDEX(Classes!$C$5:$C$23,MATCH(A16,Classes!$A$5:$A$23,0)),"")) -> 60 | R16: =IF(A16="","",IF(TRIM(IF(AND(N(Q16)>0,N(P16)>N(Q16)),"Over by "&(P16-Q16)&" min. ","")&IF(AND(COUNTIF(V16:AA16,"*A*")>0,AB16<>"Yes"),"Age check. ","")&IF(COUNTIF(V16:AA16,"*C*")>0,"Contact check. ","")&IF(COUNTIF(V16:AA16,"~?")>0,"Drill not in library. ",""))="","OK"&IF(AND(COUNTIF(V16:AA16,"*A*")>0,AB16="Yes")," · split by age","")&IF(N(Q16)>N(P16)," ("&(Q16-P16)&" min spare)",""),TRIM(IF(AND(N(Q16)>0,N(P16)>N(Q16)),"Over by "&(P16-Q16)&" min. ","")&IF(AND(COUNTIF(V16:AA16,"*A*")>0,AB16<>"Yes"),"Age check. ","")&IF(COUNTIF(V16:AA16,"*C*")>0,"Contact check. ","")&IF(COUNTIF(V16:AA16,"~?")>0,"Drill not in library. ",""))&IF(AND(COUNTIF(V16:AA16,"*A*")>0,AB16="Yes")," · split by age",""))) -> OK (6 min spare) | T16: =IF(A16="","",IFERROR(INDEX(Classes!$E$5:$E$23,MATCH(A16,Classes!$A$5:$A$23,0)),"")) -> 11 | U16: =IF(A16="","",IFERROR(INDEX(Classes!$F$5:$F$23,MATCH(A16,Classes!$A$5:$A$23,0)),"")) -> None;Pads/bag;Light touch (body) | V16: =IF(OR(D16="",$A16=""),"",IF(ISNA(MATCH(D16,Drills!$A$5:$A$127,0)),"?",IF(N(INDEX(Drills!$K$5:$K$127,MATCH(D16,Drills!$A$5:$A$127,0)))>N($T16),"A","")&IF(ISNUMBER(SEARCH(INDEX(Drills!$E$5:$E$127,MATCH(D16,Drills!$A$5:$A$127,0)),$U16)),"","C"))) | W16: =IF(OR(F16="",$A16=""),"",IF(ISNA(MATCH(F16,Drills!$A$5:$A$127,0)),"?",IF(N(INDEX(Drills!$K$5:$K$127,MATCH(F16,Drills!$A$5:$A$127,0)))>N($T16),"A","")&IF(ISNUMBER(SEARCH(INDEX(Drills!$E$5:$E$127,MATCH(F16,Drills!$A$5:$A$127,0)),$U16)),"","C"))) | X16: =IF(OR(H16="",$A16=""),"",IF(ISNA(MATCH(H16,Drills!$A$5:$A$127,0)),"?",IF(N(INDEX(Drills!$K$5:$K$127,MATCH(H16,Drills!$A$5:$A$127,0)))>N($T16),"A","")&IF(ISNUMBER(SEARCH(INDEX(Drills!$E$5:$E$127,MATCH(H16,Drills!$A$5:$A$127,0)),$U16)),"","C"))) | Y16: =IF(OR(J16="",$A16=""),"",IF(ISNA(MATCH(J16,Drills!$A$5:$A$127,0)),"?",IF(N(INDEX(Drills!$K$5:$K$127,MATCH(J16,Drills!$A$5:$A$127,0)))>N($T16),"A","")&IF(ISNUMBER(SEARCH(INDEX(Drills!$E$5:$E$127,MATCH(J16,Drills!$A$5:$A$127,0)),$U16)),"","C"))) | Z16: =IF(OR(L16="",$A16=""),"",IF(ISNA(MATCH(L16,Drills!$A$5:$A$127,0)),"?",IF(N(INDEX(Drills!$K$5:$K$127,MATCH(L16,Drills!$A$5:$A$127,0)))>N($T16),"A","")&IF(ISNUMBER(SEARCH(INDEX(Drills!$E$5:$E$127,MATCH(L16,Drills!$A$5:$A$127,0)),$U16)),"","C"))) | AA16: =IF(OR(N16="",$A16=""),"",IF(ISNA(MATCH(N16,Drills!$A$5:$A$127,0)),"?",IF(N(INDEX(Drills!$K$5:$K$127,MATCH(N16,Drills!$A$5:$A$127,0)))>N($T16),"A","")&IF(ISNUMBER(SEARCH(INDEX(Drills!$E$5:$E$127,MATCH(N16,Drills!$A$5:$A$127,0)),$U16)),"","C"))) | AB16: =IF(A16="","",IFERROR(INDEX(Classes!$I$5:$I$23,MATCH(A16,Classes!$A$5:$A$23,0)),"")) -> No
... A40: Competition Class | B40: 4 | C40: Fight week | D40: Shadowboxing round | E40: 6 | F40: Coach-called combinations | G40: 8 | H40: Heavy bag rounds | I40: 10 | J40: Controlled technical sparring | K40: 12 | L40: Bag and body-weight circuit | M40: 12 | N40: Cool-down stretch and breathing | O40: 5 | P40: =IF(A40="","",SUM(E40,G40,I40,K40,M40,O40)) -> 53 | Q40: =IF(A40="","",IFERROR(INDEX(Classes!$C$5:$C$23,MATCH(A40,Classes!$A$5:$A$23,0)),"")) -> 60 | R40: =IF(A40="","",IF(TRIM(IF(AND(N(Q40)>0,N(P40)>N(Q40)),"Over by "&(P40-Q40)&" min. ","")&IF(AND(COUNTIF(V40:AA40,"*A*")>0,AB40<>"Yes"),"Age check. ","")&IF(COUNTIF(V40:AA40,"*C*")>0,"Contact check. ","")&IF(COUNTIF(V40:AA40,"~?")>0,"Drill not in library. ",""))="","OK"&IF(AND(COUNTIF(V40:AA40,"*A*")>0,AB40="Yes")," · split by age","")&IF(N(Q40)>N(P40)," ("&(Q40-P40)&" min spare)",""),TRIM(IF(AND(N(Q40)>0,N(P40)>N(Q40)),"Over by "&(P40-Q40)&" min. ","")&IF(AND(COUNTIF(V40:AA40,"*A*")>0,AB40<>"Yes"),"Age check. ","")&IF(COUNTIF(V40:AA40,"*C*")>0,"Contact check. ","")&IF(COUNTIF(V40:AA40,"~?")>0,"Drill not in library. ",""))&IF(AND(COUNTIF(V40:AA40,"*A*")>0,AB40="Yes")," · split by age",""))) -> OK (7 min spare) | T40: =IF(A40="","",IFERROR(INDEX(Classes!$E$5:$E$23,MATCH(A40,Classes!$A$5:$A$23,0)),"")) -> 18 | U40: =IF(A40="","",IFERROR(INDEX(Classes!$F$5:$F$23,MATCH(A40,Classes!$A$5:$A$23,0)),"")) -> None;Pads/bag;Partner drilling;Live grappling;Light touch (body);Controlled sparring | V40: =IF(OR(D40="",$A40=""),"",IF(ISNA(MATCH(D40,Drills!$A$5:$A$127,0)),"?",IF(N(INDEX(Drills!$K$5:$K$127,MATCH(D40,Drills!$A$5:$A$127,0)))>N($T40),"A","")&IF(ISNUMBER(SEARCH(INDEX(Drills!$E$5:$E$127,MATCH(D40,Drills!$A$5:$A$127,0)),$U40)),"","C"))) | W40: =IF(OR(F40="",$A40=""),"",IF(ISNA(MATCH(F40,Drills!$A$5:$A$127,0)),"?",IF(N(INDEX(Drills!$K$5:$K$127,MATCH(F40,Drills!$A$5:$A$127,0)))>N($T40),"A","")&IF(ISNUMBER(SEARCH(INDEX(Drills!$E$5:$E$127,MATCH(F40,Drills!$A$5:$A$127,0)),$U40)),"","C"))) | X40: =IF(OR(H40="",$A40=""),"",IF(ISNA(MATCH(H40,Drills!$A$5:$A$127,0)),"?",IF(N(INDEX(Drills!$K$5:$K$127,MATCH(H40,Drills!$A$5:$A$127,0)))>N($T40),"A","")&IF(ISNUMBER(SEARCH(INDEX(Drills!$E$5:$E$127,MATCH(H40,Drills!$A$5:$A$127,0)),$U40)),"","C"))) | Y40: =IF(OR(J40="",$A40=""),"",IF(ISNA(MATCH(J40,Drills!$A$5:$A$127,0)),"?",IF(N(INDEX(Drills!$K$5:$K$127,MATCH(J40,Drills!$A$5:$A$127,0)))>N($T40),"A","")&IF(ISNUMBER(SEARCH(INDEX(Drills!$E$5:$E$127,MATCH(J40,Drills!$A$5:$A$127,0)),$U40)),"","C"))) | Z40: =IF(OR(L40="",$A40=""),"",IF(ISNA(MATCH(L40,Drills!$A$5:$A$127,0)),"?",IF(N(INDEX(Drills!$K$5:$K$127,MATCH(L40,Drills!$A$5:$A$127,0)))>N($T40),"A","")&IF(ISNUMBER(SEARCH(INDEX(Drills!$E$5:$E$127,MATCH(L40,Drills!$A$5:$A$127,0)),$U40)),"","C"))) | AA40: =IF(OR(N40="",$A40=""),"",IF(ISNA(MATCH(N40,Drills!$A$5:$A$127,0)),"?",IF(N(INDEX(Drills!$K$5:$K$127,MATCH(N40,Drills!$A$5:$A$127,0)))>N($T40),"A","")&IF(ISNUMBER(SEARCH(INDEX(Drills!$E$5:$E$127,MATCH(N40,Drills!$A$5:$A$127,0)),$U40)),"","C"))) | AB40: =IF(A40="","",IFERROR(INDEX(Classes!$I$5:$I$23,MATCH(A40,Classes!$A$5:$A$23,0)),"")) -> No
E41: =IF(D41="","",IFERROR(INDEX(Drills!$G$5:$G$127,MATCH(D41,Drills!$A$5:$A$127,0)),"")) | G41: =IF(F41="","",IFERROR(INDEX(Drills!$G$5:$G$127,MATCH(F41,Drills!$A$5:$A$127,0)),"")) | I41: =IF(H41="","",IFERROR(INDEX(Drills!$G$5:$G$127,MATCH(H41,Drills!$A$5:$A$127,0)),"")) | K41: =IF(J41="","",IFERROR(INDEX(Drills!$G$5:$G$127,MATCH(J41,Drills!$A$5:$A$127,0)),"")) | M41: =IF(L41="","",IFERROR(INDEX(Drills!$G$5:$G$127,MATCH(L41,Drills!$A$5:$A$127,0)),"")) | O41: =IF(N41="","",IFERROR(INDEX(Drills!$G$5:$G$127,MATCH(N41,Drills!$A$5:$A$127,0)),"")) | P41: =IF(A41="","",SUM(E41,G41,I41,K41,M41,O41)) | Q41: =IF(A41="","",IFERROR(INDEX(Classes!$C$5:$C$23,MATCH(A41,Classes!$A$5:$A$23,0)),"")) | R41: =IF(A41="","",IF(TRIM(IF(AND(N(Q41)>0,N(P41)>N(Q41)),"Over by "&(P41-Q41)&" min. ","")&IF(AND(COUNTIF(V41:AA41,"*A*")>0,AB41<>"Yes"),"Age check. ","")&IF(COUNTIF(V41:AA41,"*C*")>0,"Contact check. ","")&IF(COUNTIF(V41:AA41,"~?")>0,"Drill not in library. ",""))="","OK"&IF(AND(COUNTIF(V41:AA41,"*A*")>0,AB41="Yes")," · split by age","")&IF(N(Q41)>N(P41)," ("&(Q41-P41)&" min spare)",""),TRIM(IF(AND(N(Q41)>0,N(P41)>N(Q41)),"Over by "&(P41-Q41)&" min. ","")&IF(AND(COUNTIF(V41:AA41,"*A*")>0,AB41<>"Yes"),"Age check. ","")&IF(COUNTIF(V41:AA41,"*C*")>0,"Contact check. ","")&IF(COUNTIF(V41:AA41,"~?")>0,"Drill not in library. ",""))&IF(AND(COUNTIF(V41:AA41,"*A*")>0,AB41="Yes")," · split by age",""))) | T41: =IF(A41="","",IFERROR(INDEX(Classes!$E$5:$E$23,MATCH(A41,Classes!$A$5:$A$23,0)),"")) | U41: =IF(A41="","",IFERROR(INDEX(Classes!$F$5:$F$23,MATCH(A41,Classes!$A$5:$A$23,0)),"")) | V41: =IF(OR(D41="",$A41=""),"",IF(ISNA(MATCH(D41,Drills!$A$5:$A$127,0)),"?",IF(N(INDEX(Drills!$K$5:$K$127,MATCH(D41,Drills!$A$5:$A$127,0)))>N($T41),"A","")&IF(ISNUMBER(SEARCH(INDEX(Drills!$E$5:$E$127,MATCH(D41,Drills!$A$5:$A$127,0)),$U41)),"","C"))) | W41: =IF(OR(F41="",$A41=""),"",IF(ISNA(MATCH(F41,Drills!$A$5:$A$127,0)),"?",IF(N(INDEX(Drills!$K$5:$K$127,MATCH(F41,Drills!$A$5:$A$127,0)))>N($T41),"A","")&IF(ISNUMBER(SEARCH(INDEX(Drills!$E$5:$E$127,MATCH(F41,Drills!$A$5:$A$127,0)),$U41)),"","C"))) | X41: =IF(OR(H41="",$A41=""),"",IF(ISNA(MATCH(H41,Drills!$A$5:$A$127,0)),"?",IF(N(INDEX(Drills!$K$5:$K$127,MATCH(H41,Drills!$A$5:$A$127,0)))>N($T41),"A","")&IF(ISNUMBER(SEARCH(INDEX(Drills!$E$5:$E$127,MATCH(H41,Drills!$A$5:$A$127,0)),$U41)),"","C"))) | Y41: =IF(OR(J41="",$A41=""),"",IF(ISNA(MATCH(J41,Drills!$A$5:$A$127,0)),"?",IF(N(INDEX(Drills!$K$5:$K$127,MATCH(J41,Drills!$A$5:$A$127,0)))>N($T41),"A","")&IF(ISNUMBER(SEARCH(INDEX(Drills!$E$5:$E$127,MATCH(J41,Drills!$A$5:$A$127,0)),$U41)),"","C"))) | Z41: =IF(OR(L41="",$A41=""),"",IF(ISNA(MATCH(L41,Drills!$A$5:$A$127,0)),"?",IF(N(INDEX(Drills!$K$5:$K$127,MATCH(L41,Drills!$A$5:$A$127,0)))>N($T41),"A","")&IF(ISNUMBER(SEARCH(INDEX(Drills!$E$5:$E$127,MATCH(L41,Drills!$A$5:$A$127,0)),$U41)),"","C"))) | AA41: =IF(OR(N41="",$A41=""),"",IF(ISNA(MATCH(N41,Drills!$A$5:$A$127,0)),"?",IF(N(INDEX(Drills!$K$5:$K$127,MATCH(N41,Drills!$A$5:$A$127,0)))>N($T41),"A","")&IF(ISNUMBER(SEARCH(INDEX(Drills!$E$5:$E$127,MATCH(N41,Drills!$A$5:$A$127,0)),$U41)),"","C"))) | AB41: =IF(A41="","",IFERROR(INDEX(Classes!$I$5:$I$23,MATCH(A41,Classes!$A$5:$A$23,0)),""))
E42: =IF(D42="","",IFERROR(INDEX(Drills!$G$5:$G$127,MATCH(D42,Drills!$A$5:$A$127,0)),"")) | G42: =IF(F42="","",IFERROR(INDEX(Drills!$G$5:$G$127,MATCH(F42,Drills!$A$5:$A$127,0)),"")) | I42: =IF(H42="","",IFERROR(INDEX(Drills!$G$5:$G$127,MATCH(H42,Drills!$A$5:$A$127,0)),"")) | K42: =IF(J42="","",IFERROR(INDEX(Drills!$G$5:$G$127,MATCH(J42,Drills!$A$5:$A$127,0)),"")) | M42: =IF(L42="","",IFERROR(INDEX(Drills!$G$5:$G$127,MATCH(L42,Drills!$A$5:$A$127,0)),"")) | O42: =IF(N42="","",IFERROR(INDEX(Drills!$G$5:$G$127,MATCH(N42,Drills!$A$5:$A$127,0)),"")) | P42: =IF(A42="","",SUM(E42,G42,I42,K42,M42,O42)) | Q42: =IF(A42="","",IFERROR(INDEX(Classes!$C$5:$C$23,MATCH(A42,Classes!$A$5:$A$23,0)),"")) | R42: =IF(A42="","",IF(TRIM(IF(AND(N(Q42)>0,N(P42)>N(Q42)),"Over by "&(P42-Q42)&" min. ","")&IF(AND(COUNTIF(V42:AA42,"*A*")>0,AB42<>"Yes"),"Age check. ","")&IF(COUNTIF(V42:AA42,"*C*")>0,"Contact check. ","")&IF(COUNTIF(V42:AA42,"~?")>0,"Drill not in library. ",""))="","OK"&IF(AND(COUNTIF(V42:AA42,"*A*")>0,AB42="Yes")," · split by age","")&IF(N(Q42)>N(P42)," ("&(Q42-P42)&" min spare)",""),TRIM(IF(AND(N(Q42)>0,N(P42)>N(Q42)),"Over by "&(P42-Q42)&" min. ","")&IF(AND(COUNTIF(V42:AA42,"*A*")>0,AB42<>"Yes"),"Age check. ","")&IF(COUNTIF(V42:AA42,"*C*")>0,"Contact check. ","")&IF(COUNTIF(V42:AA42,"~?")>0,"Drill not in library. ",""))&IF(AND(COUNTIF(V42:AA42,"*A*")>0,AB42="Yes")," · split by age",""))) | T42: =IF(A42="","",IFERROR(INDEX(Classes!$E$5:$E$23,MATCH(A42,Classes!$A$5:$A$23,0)),"")) | U42: =IF(A42="","",IFERROR(INDEX(Classes!$F$5:$F$23,MATCH(A42,Classes!$A$5:$A$23,0)),"")) | V42: =IF(OR(D42="",$A42=""),"",IF(ISNA(MATCH(D42,Drills!$A$5:$A$127,0)),"?",IF(N(INDEX(Drills!$K$5:$K$127,MATCH(D42,Drills!$A$5:$A$127,0)))>N($T42),"A","")&IF(ISNUMBER(SEARCH(INDEX(Drills!$E$5:$E$127,MATCH(D42,Drills!$A$5:$A$127,0)),$U42)),"","C"))) | W42: =IF(OR(F42="",$A42=""),"",IF(ISNA(MATCH(F42,Drills!$A$5:$A$127,0)),"?",IF(N(INDEX(Drills!$K$5:$K$127,MATCH(F42,Drills!$A$5:$A$127,0)))>N($T42),"A","")&IF(ISNUMBER(SEARCH(INDEX(Drills!$E$5:$E$127,MATCH(F42,Drills!$A$5:$A$127,0)),$U42)),"","C"))) | X42: =IF(OR(H42="",$A42=""),"",IF(ISNA(MATCH(H42,Drills!$A$5:$A$127,0)),"?",IF(N(INDEX(Drills!$K$5:$K$127,MATCH(H42,Drills!$A$5:$A$127,0)))>N($T42),"A","")&IF(ISNUMBER(SEARCH(INDEX(Drills!$E$5:$E$127,MATCH(H42,Drills!$A$5:$A$127,0)),$U42)),"","C"))) | Y42: =IF(OR(J42="",$A42=""),"",IF(ISNA(MATCH(J42,Drills!$A$5:$A$127,0)),"?",IF(N(INDEX(Drills!$K$5:$K$127,MATCH(J42,Drills!$A$5:$A$127,0)))>N($T42),"A","")&IF(ISNUMBER(SEARCH(INDEX(Drills!$E$5:$E$127,MATCH(J42,Drills!$A$5:$A$127,0)),$U42)),"","C"))) | Z42: =IF(OR(L42="",$A42=""),"",IF(ISNA(MATCH(L42,Drills!$A$5:$A$127,0)),"?",IF(N(INDEX(Drills!$K$5:$K$127,MATCH(L42,Drills!$A$5:$A$127,0)))>N($T42),"A","")&IF(ISNUMBER(SEARCH(INDEX(Drills!$E$5:$E$127,MATCH(L42,Drills!$A$5:$A$127,0)),$U42)),"","C"))) | AA42: =IF(OR(N42="",$A42=""),"",IF(ISNA(MATCH(N42,Drills!$A$5:$A$127,0)),"?",IF(N(INDEX(Drills!$K$5:$K$127,MATCH(N42,Drills!$A$5:$A$127,0)))>N($T42),"A","")&IF(ISNUMBER(SEARCH(INDEX(Drills!$E$5:$E$127,MATCH(N42,Drills!$A$5:$A$127,0)),$U42)),"","C"))) | AB42: =IF(A42="","",IFERROR(INDEX(Classes!$I$5:$I$23,MATCH(A42,Classes!$A$5:$A$23,0)),""))
E43: =IF(D43="","",IFERROR(INDEX(Drills!$G$5:$G$127,MATCH(D43,Drills!$A$5:$A$127,0)),"")) | G43: =IF(F43="","",IFERROR(INDEX(Drills!$G$5:$G$127,MATCH(F43,Drills!$A$5:$A$127,0)),"")) | I43: =IF(H43="","",IFERROR(INDEX(Drills!$G$5:$G$127,MATCH(H43,Drills!$A$5:$A$127,0)),"")) | K43: =IF(J43="","",IFERROR(INDEX(Drills!$G$5:$G$127,MATCH(J43,Drills!$A$5:$A$127,0)),"")) | M43: =IF(L43="","",IFERROR(INDEX(Drills!$G$5:$G$127,MATCH(L43,Drills!$A$5:$A$127,0)),"")) | O43: =IF(N43="","",IFERROR(INDEX(Drills!$G$5:$G$127,MATCH(N43,Drills!$A$5:$A$127,0)),"")) | P43: =IF(A43="","",SUM(E43,G43,I43,K43,M43,O43)) | Q43: =IF(A43="","",IFERROR(INDEX(Classes!$C$5:$C$23,MATCH(A43,Classes!$A$5:$A$23,0)),"")) | R43: =IF(A43="","",IF(TRIM(IF(AND(N(Q43)>0,N(P43)>N(Q43)),"Over by "&(P43-Q43)&" min. ","")&IF(AND(COUNTIF(V43:AA43,"*A*")>0,AB43<>"Yes"),"Age check. ","")&IF(COUNTIF(V43:AA43,"*C*")>0,"Contact check. ","")&IF(COUNTIF(V43:AA43,"~?")>0,"Drill not in library. ",""))="","OK"&IF(AND(COUNTIF(V43:AA43,"*A*")>0,AB43="Yes")," · split by age","")&IF(N(Q43)>N(P43)," ("&(Q43-P43)&" min spare)",""),TRIM(IF(AND(N(Q43)>0,N(P43)>N(Q43)),"Over by "&(P43-Q43)&" min. ","")&IF(AND(COUNTIF(V43:AA43,"*A*")>0,AB43<>"Yes"),"Age check. ","")&IF(COUNTIF(V43:AA43,"*C*")>0,"Contact check. ","")&IF(COUNTIF(V43:AA43,"~?")>0,"Drill not in library. ",""))&IF(AND(COUNTIF(V43:AA43,"*A*")>0,AB43="Yes")," · split by age",""))) | T43: =IF(A43="","",IFERROR(INDEX(Classes!$E$5:$E$23,MATCH(A43,Classes!$A$5:$A$23,0)),"")) | U43: =IF(A43="","",IFERROR(INDEX(Classes!$F$5:$F$23,MATCH(A43,Classes!$A$5:$A$23,0)),"")) | V43: =IF(OR(D43="",$A43=""),"",IF(ISNA(MATCH(D43,Drills!$A$5:$A$127,0)),"?",IF(N(INDEX(Drills!$K$5:$K$127,MATCH(D43,Drills!$A$5:$A$127,0)))>N($T43),"A","")&IF(ISNUMBER(SEARCH(INDEX(Drills!$E$5:$E$127,MATCH(D43,Drills!$A$5:$A$127,0)),$U43)),"","C"))) | W43: =IF(OR(F43="",$A43=""),"",IF(ISNA(MATCH(F43,Drills!$A$5:$A$127,0)),"?",IF(N(INDEX(Drills!$K$5:$K$127,MATCH(F43,Drills!$A$5:$A$127,0)))>N($T43),"A","")&IF(ISNUMBER(SEARCH(INDEX(Drills!$E$5:$E$127,MATCH(F43,Drills!$A$5:$A$127,0)),$U43)),"","C"))) | X43: =IF(OR(H43="",$A43=""),"",IF(ISNA(MATCH(H43,Drills!$A$5:$A$127,0)),"?",IF(N(INDEX(Drills!$K$5:$K$127,MATCH(H43,Drills!$A$5:$A$127,0)))>N($T43),"A","")&IF(ISNUMBER(SEARCH(INDEX(Drills!$E$5:$E$127,MATCH(H43,Drills!$A$5:$A$127,0)),$U43)),"","C"))) | Y43: =IF(OR(J43="",$A43=""),"",IF(ISNA(MATCH(J43,Drills!$A$5:$A$127,0)),"?",IF(N(INDEX(Drills!$K$5:$K$127,MATCH(J43,Drills!$A$5:$A$127,0)))>N($T43),"A","")&IF(ISNUMBER(SEARCH(INDEX(Drills!$E$5:$E$127,MATCH(J43,Drills!$A$5:$A$127,0)),$U43)),"","C"))) | Z43: =IF(OR(L43="",$A43=""),"",IF(ISNA(MATCH(L43,Drills!$A$5:$A$127,0)),"?",IF(N(INDEX(Drills!$K$5:$K$127,MATCH(L43,Drills!$A$5:$A$127,0)))>N($T43),"A","")&IF(ISNUMBER(SEARCH(INDEX(Drills!$E$5:$E$127,MATCH(L43,Drills!$A$5:$A$127,0)),$U43)),"","C"))) | AA43: =IF(OR(N43="",$A43=""),"",IF(ISNA(MATCH(N43,Drills!$A$5:$A$127,0)),"?",IF(N(INDEX(Drills!$K$5:$K$127,MATCH(N43,Drills!$A$5:$A$127,0)))>N($T43),"A","")&IF(ISNUMBER(SEARCH(INDEX(Drills!$E$5:$E$127,MATCH(N43,Drills!$A$5:$A$127,0)),$U43)),"","C"))) | AB43: =IF(A43="","",IFERROR(INDEX(Classes!$I$5:$I$23,MATCH(A43,Classes!$A$5:$A$23,0)),""))
E44: =IF(D44="","",IFERROR(INDEX(Drills!$G$5:$G$127,MATCH(D44,Drills!$A$5:$A$127,0)),"")) | G44: =IF(F44="","",IFERROR(INDEX(Drills!$G$5:$G$127,MATCH(F44,Drills!$A$5:$A$127,0)),"")) | I44: =IF(H44="","",IFERROR(INDEX(Drills!$G$5:$G$127,MATCH(H44,Drills!$A$5:$A$127,0)),"")) | K44: =IF(J44="","",IFERROR(INDEX(Drills!$G$5:$G$127,MATCH(J44,Drills!$A$5:$A$127,0)),"")) | M44: =IF(L44="","",IFERROR(INDEX(Drills!$G$5:$G$127,MATCH(L44,Drills!$A$5:$A$127,0)),"")) | O44: =IF(N44="","",IFERROR(INDEX(Drills!$G$5:$G$127,MATCH(N44,Drills!$A$5:$A$127,0)),"")) | P44: =IF(A44="","",SUM(E44,G44,I44,K44,M44,O44)) | Q44: =IF(A44="","",IFERROR(INDEX(Classes!$C$5:$C$23,MATCH(A44,Classes!$A$5:$A$23,0)),"")) | R44: =IF(A44="","",IF(TRIM(IF(AND(N(Q44)>0,N(P44)>N(Q44)),"Over by "&(P44-Q44)&" min. ","")&IF(AND(COUNTIF(V44:AA44,"*A*")>0,AB44<>"Yes"),"Age check. ","")&IF(COUNTIF(V44:AA44,"*C*")>0,"Contact check. ","")&IF(COUNTIF(V44:AA44,"~?")>0,"Drill not in library. ",""))="","OK"&IF(AND(COUNTIF(V44:AA44,"*A*")>0,AB44="Yes")," · split by age","")&IF(N(Q44)>N(P44)," ("&(Q44-P44)&" min spare)",""),TRIM(IF(AND(N(Q44)>0,N(P44)>N(Q44)),"Over by "&(P44-Q44)&" min. ","")&IF(AND(COUNTIF(V44:AA44,"*A*")>0,AB44<>"Yes"),"Age check. ","")&IF(COUNTIF(V44:AA44,"*C*")>0,"Contact check. ","")&IF(COUNTIF(V44:AA44,"~?")>0,"Drill not in library. ",""))&IF(AND(COUNTIF(V44:AA44,"*A*")>0,AB44="Yes")," · split by age",""))) | T44: =IF(A44="","",IFERROR(INDEX(Classes!$E$5:$E$23,MATCH(A44,Classes!$A$5:$A$23,0)),"")) | U44: =IF(A44="","",IFERROR(INDEX(Classes!$F$5:$F$23,MATCH(A44,Classes!$A$5:$A$23,0)),"")) | V44: =IF(OR(D44="",$A44=""),"",IF(ISNA(MATCH(D44,Drills!$A$5:$A$127,0)),"?",IF(N(INDEX(Drills!$K$5:$K$127,MATCH(D44,Drills!$A$5:$A$127,0)))>N($T44),"A","")&IF(ISNUMBER(SEARCH(INDEX(Drills!$E$5:$E$127,MATCH(D44,Drills!$A$5:$A$127,0)),$U44)),"","C"))) | W44: =IF(OR(F44="",$A44=""),"",IF(ISNA(MATCH(F44,Drills!$A$5:$A$127,0)),"?",IF(N(INDEX(Drills!$K$5:$K$127,MATCH(F44,Drills!$A$5:$A$127,0)))>N($T44),"A","")&IF(ISNUMBER(SEARCH(INDEX(Drills!$E$5:$E$127,MATCH(F44,Drills!$A$5:$A$127,0)),$U44)),"","C"))) | X44: =IF(OR(H44="",$A44=""),"",IF(ISNA(MATCH(H44,Drills!$A$5:$A$127,0)),"?",IF(N(INDEX(Drills!$K$5:$K$127,MATCH(H44,Drills!$A$5:$A$127,0)))>N($T44),"A","")&IF(ISNUMBER(SEARCH(INDEX(Drills!$E$5:$E$127,MATCH(H44,Drills!$A$5:$A$127,0)),$U44)),"","C"))) | Y44: =IF(OR(J44="",$A44=""),"",IF(ISNA(MATCH(J44,Drills!$A$5:$A$127,0)),"?",IF(N(INDEX(Drills!$K$5:$K$127,MATCH(J44,Drills!$A$5:$A$127,0)))>N($T44),"A","")&IF(ISNUMBER(SEARCH(INDEX(Drills!$E$5:$E$127,MATCH(J44,Drills!$A$5:$A$127,0)),$U44)),"","C"))) | Z44: =IF(OR(L44="",$A44=""),"",IF(ISNA(MATCH(L44,Drills!$A$5:$A$127,0)),"?",IF(N(INDEX(Drills!$K$5:$K$127,MATCH(L44,Drills!$A$5:$A$127,0)))>N($T44),"A","")&IF(ISNUMBER(SEARCH(INDEX(Drills!$E$5:$E$127,MATCH(L44,Drills!$A$5:$A$127,0)),$U44)),"","C"))) | AA44: =IF(OR(N44="",$A44=""),"",IF(ISNA(MATCH(N44,Drills!$A$5:$A$127,0)),"?",IF(N(INDEX(Drills!$K$5:$K$127,MATCH(N44,Drills!$A$5:$A$127,0)))>N($T44),"A","")&IF(ISNUMBER(SEARCH(INDEX(Drills!$E$5:$E$127,MATCH(N44,Drills!$A$5:$A$127,0)),$U44)),"","C"))) | AB44: =IF(A44="","",IFERROR(INDEX(Classes!$I$5:$I$23,MATCH(A44,Classes!$A$5:$A$23,0)),""))
E45: =IF(D45="","",IFERROR(INDEX(Drills!$G$5:$G$127,MATCH(D45,Drills!$A$5:$A$127,0)),"")) | G45: =IF(F45="","",IFERROR(INDEX(Drills!$G$5:$G$127,MATCH(F45,Drills!$A$5:$A$127,0)),"")) | I45: =IF(H45="","",IFERROR(INDEX(Drills!$G$5:$G$127,MATCH(H45,Drills!$A$5:$A$127,0)),"")) | K45: =IF(J45="","",IFERROR(INDEX(Drills!$G$5:$G$127,MATCH(J45,Drills!$A$5:$A$127,0)),"")) | M45: =IF(L45="","",IFERROR(INDEX(Drills!$G$5:$G$127,MATCH(L45,Drills!$A$5:$A$127,0)),"")) | O45: =IF(N45="","",IFERROR(INDEX(Drills!$G$5:$G$127,MATCH(N45,Drills!$A$5:$A$127,0)),"")) | P45: =IF(A45="","",SUM(E45,G45,I45,K45,M45,O45)) | Q45: =IF(A45="","",IFERROR(INDEX(Classes!$C$5:$C$23,MATCH(A45,Classes!$A$5:$A$23,0)),"")) | R45: =IF(A45="","",IF(TRIM(IF(AND(N(Q45)>0,N(P45)>N(Q45)),"Over by "&(P45-Q45)&" min. ","")&IF(AND(COUNTIF(V45:AA45,"*A*")>0,AB45<>"Yes"),"Age check. ","")&IF(COUNTIF(V45:AA45,"*C*")>0,"Contact check. ","")&IF(COUNTIF(V45:AA45,"~?")>0,"Drill not in library. ",""))="","OK"&IF(AND(COUNTIF(V45:AA45,"*A*")>0,AB45="Yes")," · split by age","")&IF(N(Q45)>N(P45)," ("&(Q45-P45)&" min spare)",""),TRIM(IF(AND(N(Q45)>0,N(P45)>N(Q45)),"Over by "&(P45-Q45)&" min. ","")&IF(AND(COUNTIF(V45:AA45,"*A*")>0,AB45<>"Yes"),"Age check. ","")&IF(COUNTIF(V45:AA45,"*C*")>0,"Contact check. ","")&IF(COUNTIF(V45:AA45,"~?")>0,"Drill not in library. ",""))&IF(AND(COUNTIF(V45:AA45,"*A*")>0,AB45="Yes")," · split by age",""))) | T45: =IF(A45="","",IFERROR(INDEX(Classes!$E$5:$E$23,MATCH(A45,Classes!$A$5:$A$23,0)),"")) | U45: =IF(A45="","",IFERROR(INDEX(Classes!$F$5:$F$23,MATCH(A45,Classes!$A$5:$A$23,0)),"")) | V45: =IF(OR(D45="",$A45=""),"",IF(ISNA(MATCH(D45,Drills!$A$5:$A$127,0)),"?",IF(N(INDEX(Drills!$K$5:$K$127,MATCH(D45,Drills!$A$5:$A$127,0)))>N($T45),"A","")&IF(ISNUMBER(SEARCH(INDEX(Drills!$E$5:$E$127,MATCH(D45,Drills!$A$5:$A$127,0)),$U45)),"","C"))) | W45: =IF(OR(F45="",$A45=""),"",IF(ISNA(MATCH(F45,Drills!$A$5:$A$127,0)),"?",IF(N(INDEX(Drills!$K$5:$K$127,MATCH(F45,Drills!$A$5:$A$127,0)))>N($T45),"A","")&IF(ISNUMBER(SEARCH(INDEX(Drills!$E$5:$E$127,MATCH(F45,Drills!$A$5:$A$127,0)),$U45)),"","C"))) | X45: =IF(OR(H45="",$A45=""),"",IF(ISNA(MATCH(H45,Drills!$A$5:$A$127,0)),"?",IF(N(INDEX(Drills!$K$5:$K$127,MATCH(H45,Drills!$A$5:$A$127,0)))>N($T45),"A","")&IF(ISNUMBER(SEARCH(INDEX(Drills!$E$5:$E$127,MATCH(H45,Drills!$A$5:$A$127,0)),$U45)),"","C"))) | Y45: =IF(OR(J45="",$A45=""),"",IF(ISNA(MATCH(J45,Drills!$A$5:$A$127,0)),"?",IF(N(INDEX(Drills!$K$5:$K$127,MATCH(J45,Drills!$A$5:$A$127,0)))>N($T45),"A","")&IF(ISNUMBER(SEARCH(INDEX(Drills!$E$5:$E$127,MATCH(J45,Drills!$A$5:$A$127,0)),$U45)),"","C"))) | Z45: =IF(OR(L45="",$A45=""),"",IF(ISNA(MATCH(L45,Drills!$A$5:$A$127,0)),"?",IF(N(INDEX(Drills!$K$5:$K$127,MATCH(L45,Drills!$A$5:$A$127,0)))>N($T45),"A","")&IF(ISNUMBER(SEARCH(INDEX(Drills!$E$5:$E$127,MATCH(L45,Drills!$A$5:$A$127,0)),$U45)),"","C"))) | AA45: =IF(OR(N45="",$A45=""),"",IF(ISNA(MATCH(N45,Drills!$A$5:$A$127,0)),"?",IF(N(INDEX(Drills!$K$5:$K$127,MATCH(N45,Drills!$A$5:$A$127,0)))>N($T45),"A","")&IF(ISNUMBER(SEARCH(INDEX(Drills!$E$5:$E$127,MATCH(N45,Drills!$A$5:$A$127,0)),$U45)),"","C"))) | AB45: =IF(A45="","",IFERROR(INDEX(Classes!$I$5:$I$23,MATCH(A45,Classes!$A$5:$A$23,0)),""))
E46: =IF(D46="","",IFERROR(INDEX(Drills!$G$5:$G$127,MATCH(D46,Drills!$A$5:$A$127,0)),"")) | G46: =IF(F46="","",IFERROR(INDEX(Drills!$G$5:$G$127,MATCH(F46,Drills!$A$5:$A$127,0)),"")) | I46: =IF(H46="","",IFERROR(INDEX(Drills!$G$5:$G$127,MATCH(H46,Drills!$A$5:$A$127,0)),"")) | K46: =IF(J46="","",IFERROR(INDEX(Drills!$G$5:$G$127,MATCH(J46,Drills!$A$5:$A$127,0)),"")) | M46: =IF(L46="","",IFERROR(INDEX(Drills!$G$5:$G$127,MATCH(L46,Drills!$A$5:$A$127,0)),"")) | O46: =IF(N46="","",IFERROR(INDEX(Drills!$G$5:$G$127,MATCH(N46,Drills!$A$5:$A$127,0)),"")) | P46: =IF(A46="","",SUM(E46,G46,I46,K46,M46,O46)) | Q46: =IF(A46="","",IFERROR(INDEX(Classes!$C$5:$C$23,MATCH(A46,Classes!$A$5:$A$23,0)),"")) | R46: =IF(A46="","",IF(TRIM(IF(AND(N(Q46)>0,N(P46)>N(Q46)),"Over by "&(P46-Q46)&" min. ","")&IF(AND(COUNTIF(V46:AA46,"*A*")>0,AB46<>"Yes"),"Age check. ","")&IF(COUNTIF(V46:AA46,"*C*")>0,"Contact check. ","")&IF(COUNTIF(V46:AA46,"~?")>0,"Drill not in library. ",""))="","OK"&IF(AND(COUNTIF(V46:AA46,"*A*")>0,AB46="Yes")," · split by age","")&IF(N(Q46)>N(P46)," ("&(Q46-P46)&" min spare)",""),TRIM(IF(AND(N(Q46)>0,N(P46)>N(Q46)),"Over by "&(P46-Q46)&" min. ","")&IF(AND(COUNTIF(V46:AA46,"*A*")>0,AB46<>"Yes"),"Age check. ","")&IF(COUNTIF(V46:AA46,"*C*")>0,"Contact check. ","")&IF(COUNTIF(V46:AA46,"~?")>0,"Drill not in library. ",""))&IF(AND(COUNTIF(V46:AA46,"*A*")>0,AB46="Yes")," · split by age",""))) | T46: =IF(A46="","",IFERROR(INDEX(Classes!$E$5:$E$23,MATCH(A46,Classes!$A$5:$A$23,0)),"")) | U46: =IF(A46="","",IFERROR(INDEX(Classes!$F$5:$F$23,MATCH(A46,Classes!$A$5:$A$23,0)),"")) | V46: =IF(OR(D46="",$A46=""),"",IF(ISNA(MATCH(D46,Drills!$A$5:$A$127,0)),"?",IF(N(INDEX(Drills!$K$5:$K$127,MATCH(D46,Drills!$A$5:$A$127,0)))>N($T46),"A","")&IF(ISNUMBER(SEARCH(INDEX(Drills!$E$5:$E$127,MATCH(D46,Drills!$A$5:$A$127,0)),$U46)),"","C"))) | W46: =IF(OR(F46="",$A46=""),"",IF(ISNA(MATCH(F46,Drills!$A$5:$A$127,0)),"?",IF(N(INDEX(Drills!$K$5:$K$127,MATCH(F46,Drills!$A$5:$A$127,0)))>N($T46),"A","")&IF(ISNUMBER(SEARCH(INDEX(Drills!$E$5:$E$127,MATCH(F46,Drills!$A$5:$A$127,0)),$U46)),"","C"))) | X46: =IF(OR(H46="",$A46=""),"",IF(ISNA(MATCH(H46,Drills!$A$5:$A$127,0)),"?",IF(N(INDEX(Drills!$K$5:$K$127,MATCH(H46,Drills!$A$5:$A$127,0)))>N($T46),"A","")&IF(ISNUMBER(SEARCH(INDEX(Drills!$E$5:$E$127,MATCH(H46,Drills!$A$5:$A$127,0)),$U46)),"","C"))) | Y46: =IF(OR(J46="",$A46=""),"",IF(ISNA(MATCH(J46,Drills!$A$5:$A$127,0)),"?",IF(N(INDEX(Drills!$K$5:$K$127,MATCH(J46,Drills!$A$5:$A$127,0)))>N($T46),"A","")&IF(ISNUMBER(SEARCH(INDEX(Drills!$E$5:$E$127,MATCH(J46,Drills!$A$5:$A$127,0)),$U46)),"","C"))) | Z46: =IF(OR(L46="",$A46=""),"",IF(ISNA(MATCH(L46,Drills!$A$5:$A$127,0)),"?",IF(N(INDEX(Drills!$K$5:$K$127,MATCH(L46,Drills!$A$5:$A$127,0)))>N($T46),"A","")&IF(ISNUMBER(SEARCH(INDEX(Drills!$E$5:$E$127,MATCH(L46,Drills!$A$5:$A$127,0)),$U46)),"","C"))) | AA46: =IF(OR(N46="",$A46=""),"",IF(ISNA(MATCH(N46,Drills!$A$5:$A$127,0)),"?",IF(N(INDEX(Drills!$K$5:$K$127,MATCH(N46,Drills!$A$5:$A$127,0)))>N($T46),"A","")&IF(ISNUMBER(SEARCH(INDEX(Drills!$E$5:$E$127,MATCH(N46,Drills!$A$5:$A$127,0)),$U46)),"","C"))) | AB46: =IF(A46="","",IFERROR(INDEX(Classes!$I$5:$I$23,MATCH(A46,Classes!$A$5:$A$23,0)),""))
E47: =IF(D47="","",IFERROR(INDEX(Drills!$G$5:$G$127,MATCH(D47,Drills!$A$5:$A$127,0)),"")) | G47: =IF(F47="","",IFERROR(INDEX(Drills!$G$5:$G$127,MATCH(F47,Drills!$A$5:$A$127,0)),"")) | I47: =IF(H47="","",IFERROR(INDEX(Drills!$G$5:$G$127,MATCH(H47,Drills!$A$5:$A$127,0)),"")) | K47: =IF(J47="","",IFERROR(INDEX(Drills!$G$5:$G$127,MATCH(J47,Drills!$A$5:$A$127,0)),"")) | M47: =IF(L47="","",IFERROR(INDEX(Drills!$G$5:$G$127,MATCH(L47,Drills!$A$5:$A$127,0)),"")) | O47: =IF(N47="","",IFERROR(INDEX(Drills!$G$5:$G$127,MATCH(N47,Drills!$A$5:$A$127,0)),"")) | P47: =IF(A47="","",SUM(E47,G47,I47,K47,M47,O47)) | Q47: =IF(A47="","",IFERROR(INDEX(Classes!$C$5:$C$23,MATCH(A47,Classes!$A$5:$A$23,0)),"")) | R47: =IF(A47="","",IF(TRIM(IF(AND(N(Q47)>0,N(P47)>N(Q47)),"Over by "&(P47-Q47)&" min. ","")&IF(AND(COUNTIF(V47:AA47,"*A*")>0,AB47<>"Yes"),"Age check. ","")&IF(COUNTIF(V47:AA47,"*C*")>0,"Contact check. ","")&IF(COUNTIF(V47:AA47,"~?")>0,"Drill not in library. ",""))="","OK"&IF(AND(COUNTIF(V47:AA47,"*A*")>0,AB47="Yes")," · split by age","")&IF(N(Q47)>N(P47)," ("&(Q47-P47)&" min spare)",""),TRIM(IF(AND(N(Q47)>0,N(P47)>N(Q47)),"Over by "&(P47-Q47)&" min. ","")&IF(AND(COUNTIF(V47:AA47,"*A*")>0,AB47<>"Yes"),"Age check. ","")&IF(COUNTIF(V47:AA47,"*C*")>0,"Contact check. ","")&IF(COUNTIF(V47:AA47,"~?")>0,"Drill not in library. ",""))&IF(AND(COUNTIF(V47:AA47,"*A*")>0,AB47="Yes")," · split by age",""))) | T47: =IF(A47="","",IFERROR(INDEX(Classes!$E$5:$E$23,MATCH(A47,Classes!$A$5:$A$23,0)),"")) | U47: =IF(A47="","",IFERROR(INDEX(Classes!$F$5:$F$23,MATCH(A47,Classes!$A$5:$A$23,0)),"")) | V47: =IF(OR(D47="",$A47=""),"",IF(ISNA(MATCH(D47,Drills!$A$5:$A$127,0)),"?",IF(N(INDEX(Drills!$K$5:$K$127,MATCH(D47,Drills!$A$5:$A$127,0)))>N($T47),"A","")&IF(ISNUMBER(SEARCH(INDEX(Drills!$E$5:$E$127,MATCH(D47,Drills!$A$5:$A$127,0)),$U47)),"","C"))) | W47: =IF(OR(F47="",$A47=""),"",IF(ISNA(MATCH(F47,Drills!$A$5:$A$127,0)),"?",IF(N(INDEX(Drills!$K$5:$K$127,MATCH(F47,Drills!$A$5:$A$127,0)))>N($T47),"A","")&IF(ISNUMBER(SEARCH(INDEX(Drills!$E$5:$E$127,MATCH(F47,Drills!$A$5:$A$127,0)),$U47)),"","C"))) | X47: =IF(OR(H47="",$A47=""),"",IF(ISNA(MATCH(H47,Drills!$A$5:$A$127,0)),"?",IF(N(INDEX(Drills!$K$5:$K$127,MATCH(H47,Drills!$A$5:$A$127,0)))>N($T47),"A","")&IF(ISNUMBER(SEARCH(INDEX(Drills!$E$5:$E$127,MATCH(H47,Drills!$A$5:$A$127,0)),$U47)),"","C"))) | Y47: =IF(OR(J47="",$A47=""),"",IF(ISNA(MATCH(J47,Drills!$A$5:$A$127,0)),"?",IF(N(INDEX(Drills!$K$5:$K$127,MATCH(J47,Drills!$A$5:$A$127,0)))>N($T47),"A","")&IF(ISNUMBER(SEARCH(INDEX(Drills!$E$5:$E$127,MATCH(J47,Drills!$A$5:$A$127,0)),$U47)),"","C"))) | Z47: =IF(OR(L47="",$A47=""),"",IF(ISNA(MATCH(L47,Drills!$A$5:$A$127,0)),"?",IF(N(INDEX(Drills!$K$5:$K$127,MATCH(L47,Drills!$A$5:$A$127,0)))>N($T47),"A","")&IF(ISNUMBER(SEARCH(INDEX(Drills!$E$5:$E$127,MATCH(L47,Drills!$A$5:$A$127,0)),$U47)),"","C"))) | AA47: =IF(OR(N47="",$A47=""),"",IF(ISNA(MATCH(N47,Drills!$A$5:$A$127,0)),"?",IF(N(INDEX(Drills!$K$5:$K$127,MATCH(N47,Drills!$A$5:$A$127,0)))>N($T47),"A","")&IF(ISNUMBER(SEARCH(INDEX(Drills!$E$5:$E$127,MATCH(N47,Drills!$A$5:$A$127,0)),$U47)),"","C"))) | AB47: =IF(A47="","",IFERROR(INDEX(Classes!$I$5:$I$23,MATCH(A47,Classes!$A$5:$A$23,0)),""))
E48: =IF(D48="","",IFERROR(INDEX(Drills!$G$5:$G$127,MATCH(D48,Drills!$A$5:$A$127,0)),"")) | G48: =IF(F48="","",IFERROR(INDEX(Drills!$G$5:$G$127,MATCH(F48,Drills!$A$5:$A$127,0)),"")) | I48: =IF(H48="","",IFERROR(INDEX(Drills!$G$5:$G$127,MATCH(H48,Drills!$A$5:$A$127,0)),"")) | K48: =IF(J48="","",IFERROR(INDEX(Drills!$G$5:$G$127,MATCH(J48,Drills!$A$5:$A$127,0)),"")) | M48: =IF(L48="","",IFERROR(INDEX(Drills!$G$5:$G$127,MATCH(L48,Drills!$A$5:$A$127,0)),"")) | O48: =IF(N48="","",IFERROR(INDEX(Drills!$G$5:$G$127,MATCH(N48,Drills!$A$5:$A$127,0)),"")) | P48: =IF(A48="","",SUM(E48,G48,I48,K48,M48,O48)) | Q48: =IF(A48="","",IFERROR(INDEX(Classes!$C$5:$C$23,MATCH(A48,Classes!$A$5:$A$23,0)),"")) | R48: =IF(A48="","",IF(TRIM(IF(AND(N(Q48)>0,N(P48)>N(Q48)),"Over by "&(P48-Q48)&" min. ","")&IF(AND(COUNTIF(V48:AA48,"*A*")>0,AB48<>"Yes"),"Age check. ","")&IF(COUNTIF(V48:AA48,"*C*")>0,"Contact check. ","")&IF(COUNTIF(V48:AA48,"~?")>0,"Drill not in library. ",""))="","OK"&IF(AND(COUNTIF(V48:AA48,"*A*")>0,AB48="Yes")," · split by age","")&IF(N(Q48)>N(P48)," ("&(Q48-P48)&" min spare)",""),TRIM(IF(AND(N(Q48)>0,N(P48)>N(Q48)),"Over by "&(P48-Q48)&" min. ","")&IF(AND(COUNTIF(V48:AA48,"*A*")>0,AB48<>"Yes"),"Age check. ","")&IF(COUNTIF(V48:AA48,"*C*")>0,"Contact check. ","")&IF(COUNTIF(V48:AA48,"~?")>0,"Drill not in library. ",""))&IF(AND(COUNTIF(V48:AA48,"*A*")>0,AB48="Yes")," · split by age",""))) | T48: =IF(A48="","",IFERROR(INDEX(Classes!$E$5:$E$23,MATCH(A48,Classes!$A$5:$A$23,0)),"")) | U48: =IF(A48="","",IFERROR(INDEX(Classes!$F$5:$F$23,MATCH(A48,Classes!$A$5:$A$23,0)),"")) | V48: =IF(OR(D48="",$A48=""),"",IF(ISNA(MATCH(D48,Drills!$A$5:$A$127,0)),"?",IF(N(INDEX(Drills!$K$5:$K$127,MATCH(D48,Drills!$A$5:$A$127,0)))>N($T48),"A","")&IF(ISNUMBER(SEARCH(INDEX(Drills!$E$5:$E$127,MATCH(D48,Drills!$A$5:$A$127,0)),$U48)),"","C"))) | W48: =IF(OR(F48="",$A48=""),"",IF(ISNA(MATCH(F48,Drills!$A$5:$A$127,0)),"?",IF(N(INDEX(Drills!$K$5:$K$127,MATCH(F48,Drills!$A$5:$A$127,0)))>N($T48),"A","")&IF(ISNUMBER(SEARCH(INDEX(Drills!$E$5:$E$127,MATCH(F48,Drills!$A$5:$A$127,0)),$U48)),"","C"))) | X48: =IF(OR(H48="",$A48=""),"",IF(ISNA(MATCH(H48,Drills!$A$5:$A$127,0)),"?",IF(N(INDEX(Drills!$K$5:$K$127,MATCH(H48,Drills!$A$5:$A$127,0)))>N($T48),"A","")&IF(ISNUMBER(SEARCH(INDEX(Drills!$E$5:$E$127,MATCH(H48,Drills!$A$5:$A$127,0)),$U48)),"","C"))) | Y48: =IF(OR(J48="",$A48=""),"",IF(ISNA(MATCH(J48,Drills!$A$5:$A$127,0)),"?",IF(N(INDEX(Drills!$K$5:$K$127,MATCH(J48,Drills!$A$5:$A$127,0)))>N($T48),"A","")&IF(ISNUMBER(SEARCH(INDEX(Drills!$E$5:$E$127,MATCH(J48,Drills!$A$5:$A$127,0)),$U48)),"","C"))) | Z48: =IF(OR(L48="",$A48=""),"",IF(ISNA(MATCH(L48,Drills!$A$5:$A$127,0)),"?",IF(N(INDEX(Drills!$K$5:$K$127,MATCH(L48,Drills!$A$5:$A$127,0)))>N($T48),"A","")&IF(ISNUMBER(SEARCH(INDEX(Drills!$E$5:$E$127,MATCH(L48,Drills!$A$5:$A$127,0)),$U48)),"","C"))) | AA48: =IF(OR(N48="",$A48=""),"",IF(ISNA(MATCH(N48,Drills!$A$5:$A$127,0)),"?",IF(N(INDEX(Drills!$K$5:$K$127,MATCH(N48,Drills!$A$5:$A$127,0)))>N($T48),"A","")&IF(ISNUMBER(SEARCH(INDEX(Drills!$E$5:$E$127,MATCH(N48,Drills!$A$5:$A$127,0)),$U48)),"","C"))) | AB48: =IF(A48="","",IFERROR(INDEX(Classes!$I$5:$I$23,MATCH(A48,Classes!$A$5:$A$23,0)),""))
E49: =IF(D49="","",IFERROR(INDEX(Drills!$G$5:$G$127,MATCH(D49,Drills!$A$5:$A$127,0)),"")) | G49: =IF(F49="","",IFERROR(INDEX(Drills!$G$5:$G$127,MATCH(F49,Drills!$A$5:$A$127,0)),"")) | I49: =IF(H49="","",IFERROR(INDEX(Drills!$G$5:$G$127,MATCH(H49,Drills!$A$5:$A$127,0)),"")) | K49: =IF(J49="","",IFERROR(INDEX(Drills!$G$5:$G$127,MATCH(J49,Drills!$A$5:$A$127,0)),"")) | M49: =IF(L49="","",IFERROR(INDEX(Drills!$G$5:$G$127,MATCH(L49,Drills!$A$5:$A$127,0)),"")) | O49: =IF(N49="","",IFERROR(INDEX(Drills!$G$5:$G$127,MATCH(N49,Drills!$A$5:$A$127,0)),"")) | P49: =IF(A49="","",SUM(E49,G49,I49,K49,M49,O49)) | Q49: =IF(A49="","",IFERROR(INDEX(Classes!$C$5:$C$23,MATCH(A49,Classes!$A$5:$A$23,0)),"")) | R49: =IF(A49="","",IF(TRIM(IF(AND(N(Q49)>0,N(P49)>N(Q49)),"Over by "&(P49-Q49)&" min. ","")&IF(AND(COUNTIF(V49:AA49,"*A*")>0,AB49<>"Yes"),"Age check. ","")&IF(COUNTIF(V49:AA49,"*C*")>0,"Contact check. ","")&IF(COUNTIF(V49:AA49,"~?")>0,"Drill not in library. ",""))="","OK"&IF(AND(COUNTIF(V49:AA49,"*A*")>0,AB49="Yes")," · split by age","")&IF(N(Q49)>N(P49)," ("&(Q49-P49)&" min spare)",""),TRIM(IF(AND(N(Q49)>0,N(P49)>N(Q49)),"Over by "&(P49-Q49)&" min. ","")&IF(AND(COUNTIF(V49:AA49,"*A*")>0,AB49<>"Yes"),"Age check. ","")&IF(COUNTIF(V49:AA49,"*C*")>0,"Contact check. ","")&IF(COUNTIF(V49:AA49,"~?")>0,"Drill not in library. ",""))&IF(AND(COUNTIF(V49:AA49,"*A*")>0,AB49="Yes")," · split by age",""))) | T49: =IF(A49="","",IFERROR(INDEX(Classes!$E$5:$E$23,MATCH(A49,Classes!$A$5:$A$23,0)),"")) | U49: =IF(A49="","",IFERROR(INDEX(Classes!$F$5:$F$23,MATCH(A49,Classes!$A$5:$A$23,0)),"")) | V49: =IF(OR(D49="",$A49=""),"",IF(ISNA(MATCH(D49,Drills!$A$5:$A$127,0)),"?",IF(N(INDEX(Drills!$K$5:$K$127,MATCH(D49,Drills!$A$5:$A$127,0)))>N($T49),"A","")&IF(ISNUMBER(SEARCH(INDEX(Drills!$E$5:$E$127,MATCH(D49,Drills!$A$5:$A$127,0)),$U49)),"","C"))) | W49: =IF(OR(F49="",$A49=""),"",IF(ISNA(MATCH(F49,Drills!$A$5:$A$127,0)),"?",IF(N(INDEX(Drills!$K$5:$K$127,MATCH(F49,Drills!$A$5:$A$127,0)))>N($T49),"A","")&IF(ISNUMBER(SEARCH(INDEX(Drills!$E$5:$E$127,MATCH(F49,Drills!$A$5:$A$127,0)),$U49)),"","C"))) | X49: =IF(OR(H49="",$A49=""),"",IF(ISNA(MATCH(H49,Drills!$A$5:$A$127,0)),"?",IF(N(INDEX(Drills!$K$5:$K$127,MATCH(H49,Drills!$A$5:$A$127,0)))>N($T49),"A","")&IF(ISNUMBER(SEARCH(INDEX(Drills!$E$5:$E$127,MATCH(H49,Drills!$A$5:$A$127,0)),$U49)),"","C"))) | Y49: =IF(OR(J49="",$A49=""),"",IF(ISNA(MATCH(J49,Drills!$A$5:$A$127,0)),"?",IF(N(INDEX(Drills!$K$5:$K$127,MATCH(J49,Drills!$A$5:$A$127,0)))>N($T49),"A","")&IF(ISNUMBER(SEARCH(INDEX(Drills!$E$5:$E$127,MATCH(J49,Drills!$A$5:$A$127,0)),$U49)),"","C"))) | Z49: =IF(OR(L49="",$A49=""),"",IF(ISNA(MATCH(L49,Drills!$A$5:$A$127,0)),"?",IF(N(INDEX(Drills!$K$5:$K$127,MATCH(L49,Drills!$A$5:$A$127,0)))>N($T49),"A","")&IF(ISNUMBER(SEARCH(INDEX(Drills!$E$5:$E$127,MATCH(L49,Drills!$A$5:$A$127,0)),$U49)),"","C"))) | AA49: =IF(OR(N49="",$A49=""),"",IF(ISNA(MATCH(N49,Drills!$A$5:$A$127,0)),"?",IF(N(INDEX(Drills!$K$5:$K$127,MATCH(N49,Drills!$A$5:$A$127,0)))>N($T49),"A","")&IF(ISNUMBER(SEARCH(INDEX(Drills!$E$5:$E$127,MATCH(N49,Drills!$A$5:$A$127,0)),$U49)),"","C"))) | AB49: =IF(A49="","",IFERROR(INDEX(Classes!$I$5:$I$23,MATCH(A49,Classes!$A$5:$A$23,0)),""))
E50: =IF(D50="","",IFERROR(INDEX(Drills!$G$5:$G$127,MATCH(D50,Drills!$A$5:$A$127,0)),"")) | G50: =IF(F50="","",IFERROR(INDEX(Drills!$G$5:$G$127,MATCH(F50,Drills!$A$5:$A$127,0)),"")) | I50: =IF(H50="","",IFERROR(INDEX(Drills!$G$5:$G$127,MATCH(H50,Drills!$A$5:$A$127,0)),"")) | K50: =IF(J50="","",IFERROR(INDEX(Drills!$G$5:$G$127,MATCH(J50,Drills!$A$5:$A$127,0)),"")) | M50: =IF(L50="","",IFERROR(INDEX(Drills!$G$5:$G$127,MATCH(L50,Drills!$A$5:$A$127,0)),"")) | O50: =IF(N50="","",IFERROR(INDEX(Drills!$G$5:$G$127,MATCH(N50,Drills!$A$5:$A$127,0)),"")) | P50: =IF(A50="","",SUM(E50,G50,I50,K50,M50,O50)) | Q50: =IF(A50="","",IFERROR(INDEX(Classes!$C$5:$C$23,MATCH(A50,Classes!$A$5:$A$23,0)),"")) | R50: =IF(A50="","",IF(TRIM(IF(AND(N(Q50)>0,N(P50)>N(Q50)),"Over by "&(P50-Q50)&" min. ","")&IF(AND(COUNTIF(V50:AA50,"*A*")>0,AB50<>"Yes"),"Age check. ","")&IF(COUNTIF(V50:AA50,"*C*")>0,"Contact check. ","")&IF(COUNTIF(V50:AA50,"~?")>0,"Drill not in library. ",""))="","OK"&IF(AND(COUNTIF(V50:AA50,"*A*")>0,AB50="Yes")," · split by age","")&IF(N(Q50)>N(P50)," ("&(Q50-P50)&" min spare)",""),TRIM(IF(AND(N(Q50)>0,N(P50)>N(Q50)),"Over by "&(P50-Q50)&" min. ","")&IF(AND(COUNTIF(V50:AA50,"*A*")>0,AB50<>"Yes"),"Age check. ","")&IF(COUNTIF(V50:AA50,"*C*")>0,"Contact check. ","")&IF(COUNTIF(V50:AA50,"~?")>0,"Drill not in library. ",""))&IF(AND(COUNTIF(V50:AA50,"*A*")>0,AB50="Yes")," · split by age",""))) | T50: =IF(A50="","",IFERROR(INDEX(Classes!$E$5:$E$23,MATCH(A50,Classes!$A$5:$A$23,0)),"")) | U50: =IF(A50="","",IFERROR(INDEX(Classes!$F$5:$F$23,MATCH(A50,Classes!$A$5:$A$23,0)),"")) | V50: =IF(OR(D50="",$A50=""),"",IF(ISNA(MATCH(D50,Drills!$A$5:$A$127,0)),"?",IF(N(INDEX(Drills!$K$5:$K$127,MATCH(D50,Drills!$A$5:$A$127,0)))>N($T50),"A","")&IF(ISNUMBER(SEARCH(INDEX(Drills!$E$5:$E$127,MATCH(D50,Drills!$A$5:$A$127,0)),$U50)),"","C"))) | W50: =IF(OR(F50="",$A50=""),"",IF(ISNA(MATCH(F50,Drills!$A$5:$A$127,0)),"?",IF(N(INDEX(Drills!$K$5:$K$127,MATCH(F50,Drills!$A$5:$A$127,0)))>N($T50),"A","")&IF(ISNUMBER(SEARCH(INDEX(Drills!$E$5:$E$127,MATCH(F50,Drills!$A$5:$A$127,0)),$U50)),"","C"))) | X50: =IF(OR(H50="",$A50=""),"",IF(ISNA(MATCH(H50,Drills!$A$5:$A$127,0)),"?",IF(N(INDEX(Drills!$K$5:$K$127,MATCH(H50,Drills!$A$5:$A$127,0)))>N($T50),"A","")&IF(ISNUMBER(SEARCH(INDEX(Drills!$E$5:$E$127,MATCH(H50,Drills!$A$5:$A$127,0)),$U50)),"","C"))) | Y50: =IF(OR(J50="",$A50=""),"",IF(ISNA(MATCH(J50,Drills!$A$5:$A$127,0)),"?",IF(N(INDEX(Drills!$K$5:$K$127,MATCH(J50,Drills!$A$5:$A$127,0)))>N($T50),"A","")&IF(ISNUMBER(SEARCH(INDEX(Drills!$E$5:$E$127,MATCH(J50,Drills!$A$5:$A$127,0)),$U50)),"","C"))) | Z50: =IF(OR(L50="",$A50=""),"",IF(ISNA(MATCH(L50,Drills!$A$5:$A$127,0)),"?",IF(N(INDEX(Drills!$K$5:$K$127,MATCH(L50,Drills!$A$5:$A$127,0)))>N($T50),"A","")&IF(ISNUMBER(SEARCH(INDEX(Drills!$E$5:$E$127,MATCH(L50,Drills!$A$5:$A$127,0)),$U50)),"","C"))) | AA50: =IF(OR(N50="",$A50=""),"",IF(ISNA(MATCH(N50,Drills!$A$5:$A$127,0)),"?",IF(N(INDEX(Drills!$K$5:$K$127,MATCH(N50,Drills!$A$5:$A$127,0)))>N($T50),"A","")&IF(ISNUMBER(SEARCH(INDEX(Drills!$E$5:$E$127,MATCH(N50,Drills!$A$5:$A$127,0)),$U50)),"","C"))) | AB50: =IF(A50="","",IFERROR(INDEX(Classes!$I$5:$I$23,MATCH(A50,Classes!$A$5:$A$23,0)),""))
E51: =IF(D51="","",IFERROR(INDEX(Drills!$G$5:$G$127,MATCH(D51,Drills!$A$5:$A$127,0)),"")) | G51: =IF(F51="","",IFERROR(INDEX(Drills!$G$5:$G$127,MATCH(F51,Drills!$A$5:$A$127,0)),"")) | I51: =IF(H51="","",IFERROR(INDEX(Drills!$G$5:$G$127,MATCH(H51,Drills!$A$5:$A$127,0)),"")) | K51: =IF(J51="","",IFERROR(INDEX(Drills!$G$5:$G$127,MATCH(J51,Drills!$A$5:$A$127,0)),"")) | M51: =IF(L51="","",IFERROR(INDEX(Drills!$G$5:$G$127,MATCH(L51,Drills!$A$5:$A$127,0)),"")) | O51: =IF(N51="","",IFERROR(INDEX(Drills!$G$5:$G$127,MATCH(N51,Drills!$A$5:$A$127,0)),"")) | P51: =IF(A51="","",SUM(E51,G51,I51,K51,M51,O51)) | Q51: =IF(A51="","",IFERROR(INDEX(Classes!$C$5:$C$23,MATCH(A51,Classes!$A$5:$A$23,0)),"")) | R51: =IF(A51="","",IF(TRIM(IF(AND(N(Q51)>0,N(P51)>N(Q51)),"Over by "&(P51-Q51)&" min. ","")&IF(AND(COUNTIF(V51:AA51,"*A*")>0,AB51<>"Yes"),"Age check. ","")&IF(COUNTIF(V51:AA51,"*C*")>0,"Contact check. ","")&IF(COUNTIF(V51:AA51,"~?")>0,"Drill not in library. ",""))="","OK"&IF(AND(COUNTIF(V51:AA51,"*A*")>0,AB51="Yes")," · split by age","")&IF(N(Q51)>N(P51)," ("&(Q51-P51)&" min spare)",""),TRIM(IF(AND(N(Q51)>0,N(P51)>N(Q51)),"Over by "&(P51-Q51)&" min. ","")&IF(AND(COUNTIF(V51:AA51,"*A*")>0,AB51<>"Yes"),"Age check. ","")&IF(COUNTIF(V51:AA51,"*C*")>0,"Contact check. ","")&IF(COUNTIF(V51:AA51,"~?")>0,"Drill not in library. ",""))&IF(AND(COUNTIF(V51:AA51,"*A*")>0,AB51="Yes")," · split by age",""))) | T51: =IF(A51="","",IFERROR(INDEX(Classes!$E$5:$E$23,MATCH(A51,Classes!$A$5:$A$23,0)),"")) | U51: =IF(A51="","",IFERROR(INDEX(Classes!$F$5:$F$23,MATCH(A51,Classes!$A$5:$A$23,0)),"")) | V51: =IF(OR(D51="",$A51=""),"",IF(ISNA(MATCH(D51,Drills!$A$5:$A$127,0)),"?",IF(N(INDEX(Drills!$K$5:$K$127,MATCH(D51,Drills!$A$5:$A$127,0)))>N($T51),"A","")&IF(ISNUMBER(SEARCH(INDEX(Drills!$E$5:$E$127,MATCH(D51,Drills!$A$5:$A$127,0)),$U51)),"","C"))) | W51: =IF(OR(F51="",$A51=""),"",IF(ISNA(MATCH(F51,Drills!$A$5:$A$127,0)),"?",IF(N(INDEX(Drills!$K$5:$K$127,MATCH(F51,Drills!$A$5:$A$127,0)))>N($T51),"A","")&IF(ISNUMBER(SEARCH(INDEX(Drills!$E$5:$E$127,MATCH(F51,Drills!$A$5:$A$127,0)),$U51)),"","C"))) | X51: =IF(OR(H51="",$A51=""),"",IF(ISNA(MATCH(H51,Drills!$A$5:$A$127,0)),"?",IF(N(INDEX(Drills!$K$5:$K$127,MATCH(H51,Drills!$A$5:$A$127,0)))>N($T51),"A","")&IF(ISNUMBER(SEARCH(INDEX(Drills!$E$5:$E$127,MATCH(H51,Drills!$A$5:$A$127,0)),$U51)),"","C"))) | Y51: =IF(OR(J51="",$A51=""),"",IF(ISNA(MATCH(J51,Drills!$A$5:$A$127,0)),"?",IF(N(INDEX(Drills!$K$5:$K$127,MATCH(J51,Drills!$A$5:$A$127,0)))>N($T51),"A","")&IF(ISNUMBER(SEARCH(INDEX(Drills!$E$5:$E$127,MATCH(J51,Drills!$A$5:$A$127,0)),$U51)),"","C"))) | Z51: =IF(OR(L51="",$A51=""),"",IF(ISNA(MATCH(L51,Drills!$A$5:$A$127,0)),"?",IF(N(INDEX(Drills!$K$5:$K$127,MATCH(L51,Drills!$A$5:$A$127,0)))>N($T51),"A","")&IF(ISNUMBER(SEARCH(INDEX(Drills!$E$5:$E$127,MATCH(L51,Drills!$A$5:$A$127,0)),$U51)),"","C"))) | AA51: =IF(OR(N51="",$A51=""),"",IF(ISNA(MATCH(N51,Drills!$A$5:$A$127,0)),"?",IF(N(INDEX(Drills!$K$5:$K$127,MATCH(N51,Drills!$A$5:$A$127,0)))>N($T51),"A","")&IF(ISNUMBER(SEARCH(INDEX(Drills!$E$5:$E$127,MATCH(N51,Drills!$A$5:$A$127,0)),$U51)),"","C"))) | AB51: =IF(A51="","",IFERROR(INDEX(Classes!$I$5:$I$23,MATCH(A51,Classes!$A$5:$A$23,0)),""))
E52: =IF(D52="","",IFERROR(INDEX(Drills!$G$5:$G$127,MATCH(D52,Drills!$A$5:$A$127,0)),"")) | G52: =IF(F52="","",IFERROR(INDEX(Drills!$G$5:$G$127,MATCH(F52,Drills!$A$5:$A$127,0)),"")) | I52: =IF(H52="","",IFERROR(INDEX(Drills!$G$5:$G$127,MATCH(H52,Drills!$A$5:$A$127,0)),"")) | K52: =IF(J52="","",IFERROR(INDEX(Drills!$G$5:$G$127,MATCH(J52,Drills!$A$5:$A$127,0)),"")) | M52: =IF(L52="","",IFERROR(INDEX(Drills!$G$5:$G$127,MATCH(L52,Drills!$A$5:$A$127,0)),"")) | O52: =IF(N52="","",IFERROR(INDEX(Drills!$G$5:$G$127,MATCH(N52,Drills!$A$5:$A$127,0)),"")) | P52: =IF(A52="","",SUM(E52,G52,I52,K52,M52,O52)) | Q52: =IF(A52="","",IFERROR(INDEX(Classes!$C$5:$C$23,MATCH(A52,Classes!$A$5:$A$23,0)),"")) | R52: =IF(A52="","",IF(TRIM(IF(AND(N(Q52)>0,N(P52)>N(Q52)),"Over by "&(P52-Q52)&" min. ","")&IF(AND(COUNTIF(V52:AA52,"*A*")>0,AB52<>"Yes"),"Age check. ","")&IF(COUNTIF(V52:AA52,"*C*")>0,"Contact check. ","")&IF(COUNTIF(V52:AA52,"~?")>0,"Drill not in library. ",""))="","OK"&IF(AND(COUNTIF(V52:AA52,"*A*")>0,AB52="Yes")," · split by age","")&IF(N(Q52)>N(P52)," ("&(Q52-P52)&" min spare)",""),TRIM(IF(AND(N(Q52)>0,N(P52)>N(Q52)),"Over by "&(P52-Q52)&" min. ","")&IF(AND(COUNTIF(V52:AA52,"*A*")>0,AB52<>"Yes"),"Age check. ","")&IF(COUNTIF(V52:AA52,"*C*")>0,"Contact check. ","")&IF(COUNTIF(V52:AA52,"~?")>0,"Drill not in library. ",""))&IF(AND(COUNTIF(V52:AA52,"*A*")>0,AB52="Yes")," · split by age",""))) | T52: =IF(A52="","",IFERROR(INDEX(Classes!$E$5:$E$23,MATCH(A52,Classes!$A$5:$A$23,0)),"")) | U52: =IF(A52="","",IFERROR(INDEX(Classes!$F$5:$F$23,MATCH(A52,Classes!$A$5:$A$23,0)),"")) | V52: =IF(OR(D52="",$A52=""),"",IF(ISNA(MATCH(D52,Drills!$A$5:$A$127,0)),"?",IF(N(INDEX(Drills!$K$5:$K$127,MATCH(D52,Drills!$A$5:$A$127,0)))>N($T52),"A","")&IF(ISNUMBER(SEARCH(INDEX(Drills!$E$5:$E$127,MATCH(D52,Drills!$A$5:$A$127,0)),$U52)),"","C"))) | W52: =IF(OR(F52="",$A52=""),"",IF(ISNA(MATCH(F52,Drills!$A$5:$A$127,0)),"?",IF(N(INDEX(Drills!$K$5:$K$127,MATCH(F52,Drills!$A$5:$A$127,0)))>N($T52),"A","")&IF(ISNUMBER(SEARCH(INDEX(Drills!$E$5:$E$127,MATCH(F52,Drills!$A$5:$A$127,0)),$U52)),"","C"))) | X52: =IF(OR(H52="",$A52=""),"",IF(ISNA(MATCH(H52,Drills!$A$5:$A$127,0)),"?",IF(N(INDEX(Drills!$K$5:$K$127,MATCH(H52,Drills!$A$5:$A$127,0)))>N($T52),"A","")&IF(ISNUMBER(SEARCH(INDEX(Drills!$E$5:$E$127,MATCH(H52,Drills!$A$5:$A$127,0)),$U52)),"","C"))) | Y52: =IF(OR(J52="",$A52=""),"",IF(ISNA(MATCH(J52,Drills!$A$5:$A$127,0)),"?",IF(N(INDEX(Drills!$K$5:$K$127,MATCH(J52,Drills!$A$5:$A$127,0)))>N($T52),"A","")&IF(ISNUMBER(SEARCH(INDEX(Drills!$E$5:$E$127,MATCH(J52,Drills!$A$5:$A$127,0)),$U52)),"","C"))) | Z52: =IF(OR(L52="",$A52=""),"",IF(ISNA(MATCH(L52,Drills!$A$5:$A$127,0)),"?",IF(N(INDEX(Drills!$K$5:$K$127,MATCH(L52,Drills!$A$5:$A$127,0)))>N($T52),"A","")&IF(ISNUMBER(SEARCH(INDEX(Drills!$E$5:$E$127,MATCH(L52,Drills!$A$5:$A$127,0)),$U52)),"","C"))) | AA52: =IF(OR(N52="",$A52=""),"",IF(ISNA(MATCH(N52,Drills!$A$5:$A$127,0)),"?",IF(N(INDEX(Drills!$K$5:$K$127,MATCH(N52,Drills!$A$5:$A$127,0)))>N($T52),"A","")&IF(ISNUMBER(SEARCH(INDEX(Drills!$E$5:$E$127,MATCH(N52,Drills!$A$5:$A$127,0)),$U52)),"","C"))) | AB52: =IF(A52="","",IFERROR(INDEX(Classes!$I$5:$I$23,MATCH(A52,Classes!$A$5:$A$23,0)),""))
... E100: =IF(D100="","",IFERROR(INDEX(Drills!$G$5:$G$127,MATCH(D100,Drills!$A$5:$A$127,0)),"")) | G100: =IF(F100="","",IFERROR(INDEX(Drills!$G$5:$G$127,MATCH(F100,Drills!$A$5:$A$127,0)),"")) | I100: =IF(H100="","",IFERROR(INDEX(Drills!$G$5:$G$127,MATCH(H100,Drills!$A$5:$A$127,0)),"")) | K100: =IF(J100="","",IFERROR(INDEX(Drills!$G$5:$G$127,MATCH(J100,Drills!$A$5:$A$127,0)),"")) | M100: =IF(L100="","",IFERROR(INDEX(Drills!$G$5:$G$127,MATCH(L100,Drills!$A$5:$A$127,0)),"")) | O100: =IF(N100="","",IFERROR(INDEX(Drills!$G$5:$G$127,MATCH(N100,Drills!$A$5:$A$127,0)),"")) | P100: =IF(A100="","",SUM(E100,G100,I100,K100,M100,O100)) | Q100: =IF(A100="","",IFERROR(INDEX(Classes!$C$5:$C$23,MATCH(A100,Classes!$A$5:$A$23,0)),"")) | R100: =IF(A100="","",IF(TRIM(IF(AND(N(Q100)>0,N(P100)>N(Q100)),"Over by "&(P100-Q100)&" min. ","")&IF(AND(COUNTIF(V100:AA100,"*A*")>0,AB100<>"Yes"),"Age check. ","")&IF(COUNTIF(V100:AA100,"*C*")>0,"Contact check. ","")&IF(COUNTIF(V100:AA100,"~?")>0,"Drill not in library. ",""))="","OK"&IF(AND(COUNTIF(V100:AA100,"*A*")>0,AB100="Yes")," · split by age","")&IF(N(Q100)>N(P100)," ("&(Q100-P100)&" min spare)",""),TRIM(IF(AND(N(Q100)>0,N(P100)>N(Q100)),"Over by "&(P100-Q100)&" min. ","")&IF(AND(COUNTIF(V100:AA100,"*A*")>0,AB100<>"Yes"),"Age check. ","")&IF(COUNTIF(V100:AA100,"*C*")>0,"Contact check. ","")&IF(COUNTIF(V100:AA100,"~?")>0,"Drill not in library. ",""))&IF(AND(COUNTIF(V100:AA100,"*A*")>0,AB100="Yes")," · split by age",""))) | T100: =IF(A100="","",IFERROR(INDEX(Classes!$E$5:$E$23,MATCH(A100,Classes!$A$5:$A$23,0)),"")) | U100: =IF(A100="","",IFERROR(INDEX(Classes!$F$5:$F$23,MATCH(A100,Classes!$A$5:$A$23,0)),"")) | V100: =IF(OR(D100="",$A100=""),"",IF(ISNA(MATCH(D100,Drills!$A$5:$A$127,0)),"?",IF(N(INDEX(Drills!$K$5:$K$127,MATCH(D100,Drills!$A$5:$A$127,0)))>N($T100),"A","")&IF(ISNUMBER(SEARCH(INDEX(Drills!$E$5:$E$127,MATCH(D100,Drills!$A$5:$A$127,0)),$U100)),"","C"))) | W100: =IF(OR(F100="",$A100=""),"",IF(ISNA(MATCH(F100,Drills!$A$5:$A$127,0)),"?",IF(N(INDEX(Drills!$K$5:$K$127,MATCH(F100,Drills!$A$5:$A$127,0)))>N($T100),"A","")&IF(ISNUMBER(SEARCH(INDEX(Drills!$E$5:$E$127,MATCH(F100,Drills!$A$5:$A$127,0)),$U100)),"","C"))) | X100: =IF(OR(H100="",$A100=""),"",IF(ISNA(MATCH(H100,Drills!$A$5:$A$127,0)),"?",IF(N(INDEX(Drills!$K$5:$K$127,MATCH(H100,Drills!$A$5:$A$127,0)))>N($T100),"A","")&IF(ISNUMBER(SEARCH(INDEX(Drills!$E$5:$E$127,MATCH(H100,Drills!$A$5:$A$127,0)),$U100)),"","C"))) | Y100: =IF(OR(J100="",$A100=""),"",IF(ISNA(MATCH(J100,Drills!$A$5:$A$127,0)),"?",IF(N(INDEX(Drills!$K$5:$K$127,MATCH(J100,Drills!$A$5:$A$127,0)))>N($T100),"A","")&IF(ISNUMBER(SEARCH(INDEX(Drills!$E$5:$E$127,MATCH(J100,Drills!$A$5:$A$127,0)),$U100)),"","C"))) | Z100: =IF(OR(L100="",$A100=""),"",IF(ISNA(MATCH(L100,Drills!$A$5:$A$127,0)),"?",IF(N(INDEX(Drills!$K$5:$K$127,MATCH(L100,Drills!$A$5:$A$127,0)))>N($T100),"A","")&IF(ISNUMBER(SEARCH(INDEX(Drills!$E$5:$E$127,MATCH(L100,Drills!$A$5:$A$127,0)),$U100)),"","C"))) | AA100: =IF(OR(N100="",$A100=""),"",IF(ISNA(MATCH(N100,Drills!$A$5:$A$127,0)),"?",IF(N(INDEX(Drills!$K$5:$K$127,MATCH(N100,Drills!$A$5:$A$127,0)))>N($T100),"A","")&IF(ISNUMBER(SEARCH(INDEX(Drills!$E$5:$E$127,MATCH(N100,Drills!$A$5:$A$127,0)),$U100)),"","C"))) | AB100: =IF(A100="","",IFERROR(INDEX(Classes!$I$5:$I$23,MATCH(A100,Classes!$A$5:$A$23,0)),""))

Sheet Drills
A1: DRILLS
A2: The drill library. Add new drills at the bottom: pick Ages and Contact from the dropdowns so the lesson plans can check them.
A4: Drill | B4: Discipline | C4: Ages | D4: Level | E4: Contact | F4: Equipment | G4: Minutes | H4: How to run it | I4: Coaching points | J4: Safety | K4: Youngest age
A5: Dynamic warm-up | B5: Warm-up | C5: All ages | D5: Beginner | E5: None | F5: Open floor | G5: 10 | H5: Jog, high knees, butt kicks, side shuffles, carioca, leg swings, arm circles, inchworms; then balance (stand on one leg, eyes on the coach, 20 sec each side) and 5 squat jumps landing softly. | I5: Build from easy to quick. Land quietly with knees over toes. | J5: Every class starts with this or the grappling warm-up. Water break after. | K5: =IF(C5="","",IFERROR(INDEX(Lists!$B$2:$B$9,MATCH(C5,Lists!$A$2:$A$9,0)),"")) -> 4
A6: Animal walks | B6: Warm-up | C6: Kids 4-10 | D6: Beginner | E6: None | F6: Mats or open floor | G6: 6 | H6: Lengths of the mat: bear crawl, crab walk, frog jumps, gorilla shuffle, inchworm. Call the animal; kids race the clock, not each other. | I6: Hands flat, hips low on bear crawl; head up. | J6: Space kids out in lanes so nobody collides. | K6: =IF(C6="","",IFERROR(INDEX(Lists!$B$2:$B$9,MATCH(C6,Lists!$A$2:$A$9,0)),"")) -> 4
A7: Jump rope | B7: Warm-up | C7: All ages | D7: Beginner | E7: None | F7: None: rope-less (BBG has no skipping ropes) | G7: 5 | H7: BBG has no skipping ropes yet, so do it rope-less: same footwork, wrists turning an imaginary rope. Rounds of 1 min (kids) or 2-3 min (teens and adults): two-foot bounce, then alternate feet, then the boxer skip. | I7: Small jumps on the balls of the feet; wrists turn the rope, not the arms. | J7: Kids without the timing yet do the footwork with no rope. | K7: =IF(C7="","",IFERROR(INDEX(Lists!$B$2:$B$9,MATCH(C7,Lists!$A$2:$A$9,0)),"")) -> 4
A8: Grappling movement warm-up | B8: Warm-up | C8: Ages 6+ | D8: Beginner | E8: None | F8: Mats | G8: 10 | H8: Lengths of the mat: shrimps (hip escapes), bridges, shoulder rolls forward and back, sprawls, technical stand-ups. | I8: Shoulder rolls go over the shoulder, never straight over the head and neck. | J8: Teach the roll from a kneeling start first. | K8: =IF(C8="","",IFERROR(INDEX(Lists!$B$2:$B$9,MATCH(C8,Lists!$A$2:$A$9,0)),"")) -> 6
A9: Breakfalls | B9: Warm-up | C9: Ages 6+ | D9: Beginner | E9: None | F9: Mats | G9: 6 | H9: Back breakfall from sitting, then squatting, then standing: tuck the chin, round the back, slap the mat with both arms. Then side breakfalls. | I9: Chin tucked the whole time; slap with the whole forearm. | J9: Every grappling and wrestling class until falling is automatic. Never from height. | K9: =IF(C9="","",IFERROR(INDEX(Lists!$B$2:$B$9,MATCH(C9,Lists!$A$2:$A$9,0)),"")) -> 6
A10: Shadowboxing round | B10: Warm-up | C10: Teens & adults | D10: Beginner | E10: None | F10: Open floor or mirror | G10: 6 | H10: Two 3-minute rounds: round 1 jab and footwork only, round 2 add the cross and head movement. | I10: Hands back to the face after every punch; breathe out on each shot. | J10: Space out so arms can't reach anyone. | K10: =IF(C10="","",IFERROR(INDEX(Lists!$B$2:$B$9,MATCH(C10,Lists!$A$2:$A$9,0)),"")) -> 15
A11: Stance and guard | B11: Boxing | C11: All ages | D11: Beginner | E11: None | F11: Mirror or partner check | G11: 6 | H11: Feet shoulder-width, lead foot forward, rear heel up, knees soft, hands at the cheekbones, elbows in, chin down. Partners check each other. | I11: Weight on the balls of the feet. Lead toe and rear toe both point slightly in. | J11: None special. | K11: =IF(C11="","",IFERROR(INDEX(Lists!$B$2:$B$9,MATCH(C11,Lists!$A$2:$A$9,0)),"")) -> 4
A12: Step-drag footwork | B12: Boxing | C12: All ages | D12: Beginner | E12: None | F12: Tape lines or cones | G12: 8 | H12: Forward: lead foot steps, rear foot drags the same distance. Back, left and right the same way. Coach calls directions; athletes keep their stance. | I12: Never cross the feet or bring them together. | J12: Leave space between lines. | K12: =IF(C12="","",IFERROR(INDEX(Lists!$B$2:$B$9,MATCH(C12,Lists!$A$2:$A$9,0)),"")) -> 4
A13: Footwork ladder and cones | B13: Boxing | C13: All ages | D13: Beginner | E13: None | F13: Agility ladder or cones | G13: 8 | H13: In-and-out, lateral shuffle and pivot patterns through the ladder, finishing each lap with a jab-cross in the air. | I13: Quick feet, upright posture, guard stays up. | J13: Kids: make it a relay. | K13: =IF(C13="","",IFERROR(INDEX(Lists!$B$2:$B$9,MATCH(C13,Lists!$A$2:$A$9,0)),"")) -> 4
A14: Jab on pads | B14: Boxing | C14: All ages | D14: Beginner | E14: Pads/bag | F14: Gloves, wraps, focus mitts | G14: 8 | H14: Coach holds the lead mitt. Single jabs, then double jabs, then jab-step-jab. 3 rounds of 1-2 min. | I14: Full extension, turn the fist over, snap it back to the face. | J14: Wraps and gloves on. Pad holder meets the punch; no swinging at kids. | K14: =IF(C14="","",IFERROR(INDEX(Lists!$B$2:$B$9,MATCH(C14,Lists!$A$2:$A$9,0)),"")) -> 4
A15: 1-2 on pads | B15: Boxing | C15: All ages | D15: Beginner | E15: Pads/bag | F15: Gloves, wraps, focus mitts | G15: 8 | H15: Jab then cross. Coach calls '1' or '1-2'; add a step back after each combination. | I15: Pivot the rear foot and turn the hip on the cross; chin behind the shoulder. | J15: As above. | K15: =IF(C15="","",IFERROR(INDEX(Lists!$B$2:$B$9,MATCH(C15,Lists!$A$2:$A$9,0)),"")) -> 4
A16: 1-2-3 on pads | B16: Boxing | C16: Youth 11-14 | D16: Intermediate | E16: Pads/bag | F16: Gloves, wraps, focus mitts | G16: 8 | H16: Jab, cross, lead hook. Then 1-2-3-2. Rounds of 2 min. | I16: Hook is short with the elbow at shoulder height; pivot the lead foot. | J16: Pad holder keeps mitts close to their own head only for adults. | K16: =IF(C16="","",IFERROR(INDEX(Lists!$B$2:$B$9,MATCH(C16,Lists!$A$2:$A$9,0)),"")) -> 11
... A67: Cool-down stretch and breathing | B67: Cool-down | C67: All ages | D67: Beginner | E67: None | F67: Mats | G67: 5 | H67: Easy stretches for the hips, hamstrings, shoulders and neck, then 5 slow breaths in through the nose and out through the mouth. | I67: Gentle; no bouncing. | J67: Ask how everyone feels before they leave. | K67: =IF(C67="","",IFERROR(INDEX(Lists!$B$2:$B$9,MATCH(C67,Lists!$A$2:$A$9,0)),"")) -> 4
K68: =IF(C68="","",IFERROR(INDEX(Lists!$B$2:$B$9,MATCH(C68,Lists!$A$2:$A$9,0)),""))
K69: =IF(C69="","",IFERROR(INDEX(Lists!$B$2:$B$9,MATCH(C69,Lists!$A$2:$A$9,0)),""))
K70: =IF(C70="","",IFERROR(INDEX(Lists!$B$2:$B$9,MATCH(C70,Lists!$A$2:$A$9,0)),""))
K71: =IF(C71="","",IFERROR(INDEX(Lists!$B$2:$B$9,MATCH(C71,Lists!$A$2:$A$9,0)),""))
K72: =IF(C72="","",IFERROR(INDEX(Lists!$B$2:$B$9,MATCH(C72,Lists!$A$2:$A$9,0)),""))
K73: =IF(C73="","",IFERROR(INDEX(Lists!$B$2:$B$9,MATCH(C73,Lists!$A$2:$A$9,0)),""))
K74: =IF(C74="","",IFERROR(INDEX(Lists!$B$2:$B$9,MATCH(C74,Lists!$A$2:$A$9,0)),""))
K75: =IF(C75="","",IFERROR(INDEX(Lists!$B$2:$B$9,MATCH(C75,Lists!$A$2:$A$9,0)),""))
K76: =IF(C76="","",IFERROR(INDEX(Lists!$B$2:$B$9,MATCH(C76,Lists!$A$2:$A$9,0)),""))
K77: =IF(C77="","",IFERROR(INDEX(Lists!$B$2:$B$9,MATCH(C77,Lists!$A$2:$A$9,0)),""))
K78: =IF(C78="","",IFERROR(INDEX(Lists!$B$2:$B$9,MATCH(C78,Lists!$A$2:$A$9,0)),""))
K79: =IF(C79="","",IFERROR(INDEX(Lists!$B$2:$B$9,MATCH(C79,Lists!$A$2:$A$9,0)),""))
... K127: =IF(C127="","",IFERROR(INDEX(Lists!$B$2:$B$9,MATCH(C127,Lists!$A$2:$A$9,0)),""))

Sheet Safety
A1: SAFETY
A2: What every BBG coach follows. From official sources (October 2026). Where a source isn't clear, Cody decides; this isn't legal or medical advice.
A4: Topic | B4: Who it's for | C4: The rule or guidance | D4: Source
A5: Who decides | B5: Everyone | C5: Cody, the head coach at every class, decides what's taught, who spars and who's matched with whom. These plans and drills are starting points. | D5: BBG rule (Cody, Oct 20, 2026)
A6: Head contact for kids | B6: Under 12 | C6: No strikes to the head in class. Kids boxing is pads, bags, footwork and games; partner work is glove taps or cooperative drilling. (Boxing Canada lets coach-led conditioned sparring start gradually from about age 9-12; Cody decides if and when, with a certified coach.) | D6: BBG starting rule (Cody to confirm); Boxing Canada LTAD
A7: Sparring | B7: Everyone | C7: Sparring with head contact only in the Competition Class, with Cody's OK, full gear (headgear, mouthguard, gloves) and a coach watching. MMA: no head or face strikes for anyone under 19 (Ontario youth MMA rules, ages 12-18). | D7: BBG starting rule; Ontario amateur MMA rules
A8: Wrestling and grappling holds | B8: Kids and youth | C8: Never: slams, back-bending throws, full or three-quarter nelsons, both hands on the neck, neck cranks, heel hooks. Throws only once breakfalls are solid. Youth submissions follow Ontario's no-gi table: straight armbar from 7, kimura from 9, rear naked choke and triangle from 11, the rest from 16. | D8: Ontario amateur wrestling and grappling rules (2025)
A9: After a hit to the head | B9: Everyone | C9: Any sign of a concussion (headache, dizzy, confused, sick, unsteady): remove them from training right away and don't let them back in that day. Tell a parent for anyone under 18 and tell Cody. Only a doctor or nurse practitioner can clear them to return, and they follow the return-to-sport steps. | D9: Ontario Rowan's Law
A10: Designated person | B10: Every class | C10: One named person at every class can remove an athlete with a suspected concussion. They've reviewed the concussion awareness resource in the last 12 months (Making Headway recommended). They don't diagnose. At BBG it's Cody for every class (Oct 2026). | D10: Ontario Rowan's Law; Coaches Association of Ontario; Cody
A11: Registration and coaches (Rowan's Law) | B11: Under 26 | C11: Before registering, athletes under 26 and parents of under-18s confirm they've read Ontario's concussion awareness resource (within 12 months) and the Concussion Code of Conduct. Coaches confirm both every year. BBG has this in place (Cody, Oct 2026). | D11: Ontario Rowan's Law
A12: Coach screening | B12: Coaches | C12: Every BBG coach has a vulnerable sector check; some hold NCCP certification (Cody, Oct 2026). New coaches and helpers get a vulnerable sector check before they work with anyone under 18. | D12: Cody; Coaching Association of Canada, Responsible Coaching Movement
A13: Rule of Two | B13: Kids and youth | C13: Two screened adults present (a coach plus another coach, staff or parent). No coach alone one-on-one with a child, out of sight. No private messages to minors: group messages that include parents. | D13: Coaching Association of Canada, Responsible Coaching Movement
A14: Ages 4-5 | B14: Youngest kids | C14: Cody takes kids from about 4. Keep it short and playful: footwork games, stance, punching pads a coach holds, the bag, relay races. No partner contact and no live games, a second adult present, water and rest often. | D14: Cody; Sport for Life, Active Start stage (ages 0-6: learn movement through active play)
A15: Mixed-age classes | B15: All-ages classes | C15: In an all-ages class (Boxing, Mon and Wed), split into age groups for any drill above the youngest age: younger kids do footwork, pads a coach holds, the bag or a game while older athletes partner up. Never pair a child with a teen or adult for partner or touch drills. | D15: BBG starting rule
... A19: Matching partners and the tap | B19: Everyone | C19: Match by size, age and experience; a coach watches every pair in live rounds and stops anything unsafe. Tap early, let go at once: practise the tap with every beginner before any live grappling. | D19: BBG starting rule
A21: From the sport bodies and Ontario
A22: Boxing LTAD stages | B22: Boys 6-9 / girls 6-8 | C22: FUNdamentals: fundamental movement and basic sport skills with exposure to many sports; Boxing Canada suggests 1-2 'introduction to boxing' sessions of 45-75 minutes per week alongside 4-6 other activity sessions. | D22: Boxing Canada (CABA) Long-Term Athlete Development guide (hosted by Boxing Ontario) https://boxingontario.com/wp-content/uploads/Boxing-Canada-LTAD.pdf
A23: Boxing LTAD stages | B23: Boys 6-9 / girls 6-8 | C23: No maximal or near-maximal strength work at the FUNdamentals stage (growth-plate protection); equipment must be adapted to the child's size, strength and skill; focus on fun games and spatial awareness. | D23: Boxing Canada (CABA) Long-Term Athlete Development guide (hosted by Boxing Ontario) https://boxingontario.com/wp-content/uploads/Boxing-Canada-LTAD.pdf
A24: Boxing LTAD stages | B24: Boys 9-12 / girls 8-11 | C24: Learn to Box: basic boxing skills (straight punches, hooks, uppercuts, blocking, footwork) with technical precision; endurance and speed trained through fun games; 'children are not miniature adults'. | D24: Boxing Canada (CABA) Long-Term Athlete Development guide (hosted by Boxing Ontario) https://boxingontario.com/wp-content/uploads/Boxing-Canada-LTAD.pdf
A25: Contact / sparring for kids | B25: Boys 9-12 / girls 8-11 | C25: Boxing Canada says coach-led 'simulated bouts, condition sparring, or shadow boxing' can be introduced progressively at Learn to Box; inter-club competition may be introduced for fun but should not be the main focus. | D25: Boxing Canada (CABA) Long-Term Athlete Development guide (hosted by Boxing Ontario) https://boxingontario.com/wp-content/uploads/Boxing-Canada-LTAD.pdf
A26: Competition age and volume | B26: 11-12+ | C26: Boxing Canada LTAD indicates athletes may start competing at age 11, limited to about 2-4 well-structured club events per year against similar size and skill opponents (table context in the PDF was not fully verifiable). | D26: Boxing Canada (CABA) Long-Term Athlete Development guide (hosted by Boxing Ontario) https://boxingontario.com/wp-content/uploads/Boxing-Canada-LTAD.pdf
A27: Session frequency/length | B27: 11+ (Learn to Box) and Train to Box | C27: LTAD summary: 2-3 boxing-specific sessions per week of 45-75 min at the earlier stage; 3-5 sessions of 45-90 min at Train to Box (boys 12-16, girls 11-15), plus other sport/activity sessions. | D27: Boxing Canada (CABA) Long-Term Athlete Development guide (hosted by Boxing Ontario) https://boxingontario.com/wp-content/uploads/Boxing-Canada-LTAD.pdf
A28: Boxing LTAD stages | B28: Boys 12-16 / girls 11-15 | C28: Train to Box: build physical preparation and boxing-specific skills, volume and intensity increase gradually; carefully selected competition, roughly 4-10 bouts per year in club events and junior tournaments. | D28: Boxing Canada (CABA) Long-Term Athlete Development guide (hosted by Boxing Ontario) https://boxingontario.com/wp-content/uploads/Boxing-Canada-LTAD.pdf
A29: Growth spurt precautions | B29: Boys 12-16 / girls 11-15 | C29: Injury risk rises during the growth spurt: adjust programs, address flexibility and strength imbalances, reduce volume/intensity; include shoulder and low-back injury prevention and 6-8 weeks of general conditioning before intense boxing-specific work. | D29: Boxing Canada (CABA) Long-Term Athlete Development guide (hosted by Boxing Ontario) https://boxingontario.com/wp-content/uploads/Boxing-Canada-LTAD.pdf
A30: Work:rest for speed | B30: All youth | C30: Speed efforts should be very short (under 5 seconds for younger athletes, extendable to about 10-15 s later) with complete recovery between reps and sets; train speed early in the session after a thorough warm-up. No explicit work:rest ratio is given. | D30: Boxing Canada (CABA) Long-Term Athlete Development guide (hosted by Boxing Ontario) https://boxingontario.com/wp-content/uploads/Boxing-Canada-LTAD.pdf
A31: Trainability windows | B31: Kids and teens | C31: Flexibility window is about ages 6-10 for both sexes; speed windows about 6-8 and 11-13 (girls), 7-9 and 13-16 (boys); emphasize aerobic endurance through continuous training during the growth spurt. | D31: Boxing Canada (CABA) Long-Term Athlete Development guide (hosted by Boxing Ontario) https://boxingontario.com/wp-content/uploads/Boxing-Canada-LTAD.pdf
A32: Youth competition categories | B32: 6-18 | C32: Boxing Ontario club events: Fun Box ages 6-10 (U13 may also take part), U13 = 11/12, U15 = 13/14, U17 = 15/16, U19 = 17/18; age matching generally within 12 months. | D32: Boxing Ontario - Match Guidelines, Club Events 2025 https://boxingontario.com/wp-content/uploads/2025/07/Match-Guidelines-Club-Events-2025.pdf
A33: Round lengths for youth | B33: U13 / U15 / U17 | C33: Boxing Ontario 2025 club events: U13 3 x 1 min, U15 3 x 1.5 min, U17 3 x 2 min; boxers may box fewer rounds but not more. Ontario rules set a 1-minute rest between rounds. | D33: Boxing Ontario - Match Guidelines, Club Events 2025 https://boxingontario.com/wp-content/uploads/2025/07/Match-Guidelines-Club-Events-2025.pdf
... A101: Long-term athlete development | B101: 0-6 | C101: Active Start (ages 0-6): children need daily active play with an emphasis on fun, a wide variety of equipment, non-competitive games and safe chances to explore risk and limits. Fundamental movement skills are learned through play. | D101: Sport for Life, Active Start https://sportforlife.ca/stages/active-start/
A103: For Cody to confirm
A104: Open question | C104: Which coaches hold which NCCP courses? Cody says some do (Oct 20, 2026). Also: Making Headway, Safe Sport Training and Respect in Sport for everyone who coaches kids.
A105: Open question | C105: Which medical-clearance timing will BBG adopt? Parachute 2024 says before step 4, Boxing Ontario's older (2017-based) policy says after stage 5, and the older CAC sheet says before step 5. The Boxing Ontario policy also has an unfilled designated-person placeholder.
A106: Open question | C106: How will the Rule of Two work for the kids' classes (second screened adult or parent present), and what is the communications policy with minors (group messages that include parents, no 1:1 DMs)?
A107: Open question | C107: Do in-house sparring days, smokers or interclub light-contact sessions need OAC or PSO sanction under the Combative Sports Act, 2019 and O. Reg. 507/24's light-contact definition?
A108: Open question | C108: Insurance for non-member or trial participants: Boxing Ontario's policy covers only registered members.
A109: Open question | C109: Waivers and informed-consent forms for minors, and how to answer parents who cite the CPS 2011 position against youth boxing.
A110: Open question | C110: Yoga instructor qualifications and insurance: no official sport-body guidance was found.
A111: Open question | C111: First aid and emergency action plan: is a first-aid-trained person on site every session, and is there a written EAP (the NCCP EAP module)?
A112: Open question | C112: Heat and hydration policy for the gym, especially for kids' wrestling and the 2-hour jiu-jitsu block.
A114: Answered by Cody (Oct 20, 2026)
A115: Answered | C115: BBG isn't registered with Boxing Ontario or any other sport body. Registering is a separate decision (HQ task).
A116: Answered | C116: Cody is the designated person for removal and return-to-sport at every class, and Rowan's Law paperwork is done.
A117: Answered | C117: Class ages: Boxing is all ages from about 4, Jiu-Jitsu and MMA 12+, Women's Boxing 16+. The library also uses Kids Boxing 4-10, Boxing 11-14, Wrestling from 6 and Kickboxing from 15 (Cody to say if those are wrong).
A118: Answered | C118: Every coach has a vulnerable sector check.

Sheet Lists
A1: Ages | B1: Youngest | D1: Contact
A2: All ages | B2: 4 | D2: None
A3: Ages 6+ | B3: 6 | D3: Pads/bag
A4: Kids 4-10 | B4: 4 | D4: Partner drilling
A5: Kids 6-10 | B5: 6 | D5: Live grappling
A6: Youth 11-14 | B6: 11 | D6: Light touch (body)
A7: Ages 12+ | B7: 12 | D7: Controlled sparring
A8: Teens & adults | B8: 15
A9: Adults | B9: 18
